golden_id,customer_tweet_id,customer_text,golden_intent,confidence,case_type,escalation_expected,annotation_notes,brand_response,review_order,golden_selected,annotation_status,text_length,has_question_mark,has_number,signal_network,signal_data,signal_recharge,signal_sim_device,signal_vas_charge,signal_bonus_promo,signal_account_general,signal_low_information,signal_possible_escalation,signal_short_message,topic_signal_count,review_priority,review_example
G001,1936686,"@GloCare so I recharged yesterday and I didn't get my usual bumba bonus, please why, 08117626261",bonus_or_promotion_issue,high,rare,no,Customer expected a recharge-linked bonus and did not receive it.,@576175 the line provided is not on Glo Bumpa but on Glo Bounce ~ OO,1.0,yes,,,,,,,,,,,,,,,,,
G002,2092919,@glocare pls I migrated to Glo jumbo and recharged. I've been given bonus but couldn't use it to call. help,bonus_or_promotion_issue,high,ambiguous,yes,Bonus was received but could not be used for calls; line-specific checking is required.,@246223 #TeamUnlimited# to the rescue! Kindly provide your number for checks  @83873. Thank you for choosing Glo. GA,2.0,yes,,,,,,,,,,,,,,,,,
G003,1972746,"@GloCare please if I recharge my jumbo SIM, for existing subscriber , will my money be taking or will it still remain on my main balance",data_plan_issue,high,routine,no,Asks how Jumbo recharge affects main balance versus bonus balance.,"@584299 Hello Kommanda, the amount recharged will be credited in your main account. Bonus will be credited in a different account. Thank you. SO",3.0,yes,,,,,,,,,,,,,,,,,
G004,1024681,"@GloCare  Could you please send me the steps to recharge my Glo numbers using Ecobank Bank, Wuse 2 Abuja, Nigeria.",recharge_or_airtime_issue,high,routine,no,Asks for the procedure to recharge a Glo number through a bank.,@362474 Please visit any of : https://t.co/QtHZF68dka  or https://t.co/E1huUCbBr9 or https://t.co/6tDm6qs8TT Thank you. GA,4.0,yes,,,,,,,,,,,,,,,,,
G005,2582778,"@GloCare pls i don't know how this pre-loaded airtime works,  cus I bought a new sim and recharged but didn't see any bonus",bonus_or_promotion_issue,high,rare,no,New SIM and prepaid bonus entitlement are the support goal.,"@731949 Hello Chinedu , Kindly recharge to unlock the bonus .EE",5.0,yes,,,,,,,,,,,,,,,,,
G006,1885085,"@GloCare,@117627, I've lodged complain that I've not been able to call out except the customer care line, and I can't recharge on my phone",voice_or_line_issue,medium,ambiguous,yes,Primary complaint is inability to make calls; recharge failure is a secondary issue.,"@136518 @117627 Hello Olokunniyi, we apologize for the inconveniences experienced.Issue is being worked on, will be resolved shortly.Please bear with us. SO",6.0,yes,,,,,,,,,,,,,,,,,
G007,734481,"@GloCare please you guys should help me check my line as I was awarded 500mb after I recharged but I'm been deducted from my Normal data subscription which really isn't suppose to be so, this is the number 08058976647",bonus_or_promotion_issue,medium,ambiguous,yes,Complaint concerns how awarded bonus data is being consumed relative to the normal bundle.,@295735 Good morning Eze. The bonus data is added to your data bundle. FA,7.0,yes,,,,,,,,,,,,,,,,,
G008,1735825,"@GloCare I hav a lot of data&amp;call bonus,but's still charged frm my main balance Wen calln/browsn. &amp; #124#, #124*1# no longa work 08113877114",bonus_or_promotion_issue,medium,ambiguous,yes,Customer expects bonus balances to be used before main balance; requires account/usage checking.,"@512323 Afternoon,you have exhausted your data bonus. The voice bonus can only be used for glo to glo calls. AP",8.0,yes,,,,,,,,,,,,,,,,,
G009,493087,@232561 @117627 @GloCare UPDATE!!! They've Deducted N10 From The 980 Again.. N1k Airtime Just This Morning Now Down To N970.. https://t.co/LWukklgbxv,unauthorized_charge_or_vas,high,escalation_relevant,yes,Customer reports unexplained airtime deductions.,"@232560 We apologize,kindly provide your number for a quick check. AP",9.0,yes,,,,,,,,,,,,,,,,,
G010,2474624,"@GloCare My sister recharged and subscribed for glo data plan of N1000 on the 10th, airtime value was deducted but haven't received data paid for, pls resolve asap.",data_plan_issue,high,routine,yes,Data plan was paid for but the purchased allocation was not received; transaction-specific check needed.,"@707496 Sincere apologies, may we have the affected number and device type? GA",10.0,yes,,,,,,,,,,,,,,,,,
G011,2267327,"@117627 @659903 Since @GloCare won't take my calls please why is #100 taken from my account daily when I have not subscribed for data or any glo services. I bought this line on Thursday 9th Nov., 2017",unauthorized_charge_or_vas,high,escalation_relevant,yes,Customer explicitly reports recurring deductions for an unrequested service.,"@659902 @117627 Kindly send in your number,for a check. CA",11.0,yes,,,,,,,,,,,,,,,,,
G012,2490259,"@GloCare @117627 Number-07052632663
Device type- infinix hot note x551
Location- Akwa Ibom state university, Ikot Akpaden, Mkpat enin, Akwa ibom state
Error message- emergency
Signal- No signal
Alternate numbers- 08128059629...08147428657",network_issue,high,escalation_relevant,yes,Explicit no-signal/network failure with location and device details; historical response says it was escalated.,"@242707 @117627 Sincere apologies Cater, We apologize for any inconvenience you may have experienced.The complaint has been escalated. You will receive a text informing you when the issue will be rectified. Thank you. GA",12.0,yes,,,,,,,,,,,,,,,,,
G013,1371022,Lol prople dey para oo. Hahhahahahaaha. Oya @GloCare kindly stop any VAS service and callertunes oo. They have abused me for being too patient with u. I asked a question and yet to get an answer. How can i get my number across without dropping it on timeline? https://t.co/z5KKf4KEq9,unauthorized_charge_or_vas,high,escalation_relevant,yes,Explicit request to stop VAS/callertunes and avoid sharing the number publicly.,@280908 Good afternoon. May we have your cellphone number to run a check on your line? FA,13.0,yes,,,,,,,,,,,,,,,,,
G014,2358305,@GloCare I can't browse check your network,data_issue,high,ambiguous,yes,Customer cannot browse; 'check your network' adds ambiguity but the immediate service failure is data/browsing.,"@126251 Hello, may we know your location?",14.0,yes,,,,,,,,,,,,,,,,,
G015,296363,@GloCare Why am I charged for airtime not used?,recharge_or_airtime_issue,medium,ambiguous,yes,Customer disputes unexplained airtime usage; exact cause cannot be determined without account history.,"@186582 Afternoon Ogwu, once the credit is borrowed the system will charge you appropriately.  TT",15.0,yes,,,,,,,,,,,,,,,,,
G016,2380426,@GloCare old how can a customer check his data account? Thanks,data_plan_issue,high,routine,no,Customer asks how to check the data account/balance.,@686365 Its *127*0# or INFO to 127 to check. ^GM,16.0,yes,,,,,,,,,,,,,,,,,
G017,974051,@GloCare 07057789957....pls check why the money I recharged for auto renew was deducted without any apparent msg on d deduction,unauthorized_charge_or_vas,medium,escalation_relevant,yes,Customer reports money disappearing after recharge/auto-renewal and requests a check.,"@153135 Good morning, please confirm the amount recharged, method of recharge and date for clarification. Thank you. SO",17.0,yes,,,,,,,,,,,,,,,,,
G018,120114,@GloCare u give sending me sms dat my network signal issues has being resolved I said u deducted money 08055451220 work on this pls,unauthorized_charge_or_vas,high,escalation_relevant,yes,Customer reports a deduction and historical resolution points to VAS deactivation.,@139868 Hello Kazeem. Kindly dial STOP to  35182 to deactivate the subscribed VAS. You may also send STOP to 2442 for full VAS DND.  TT,18.0,yes,,,,,,,,,,,,,,,,,
G019,2330303,"@GloCare 08119242743,no network  bars atall,and went it comes up,i can't mk calls not even browse  wit it, Ajah, Lagos, Moba town etiosa lga",network_issue,high,routine,yes,"Clear no-network complaint affecting calls and browsing, with location.","@674684 Hello, we apologize. We are aware of the issue and the network engineers are working to resolve it. Kindly bear with us. DA",19.0,yes,,,,,,,,,,,,,,,,,
G020,16086,@GloCare it has become obvious dat my units are taken illegally. I recharged 300 last week never called for even a minute but yesterday...,unauthorized_charge_or_vas,high,escalation_relevant,yes,Customer believes airtime units were taken illegally and needs account investigation.,"@119528 Afternoon Daytonye, kindly provide your mobile number for checks and assistance.  TT",20.0,yes,,,,,,,,,,,,,,,,,
G021,793275,"@GloCare, i can't browse with Glo, but same setting, is what am browsing on Mtn, we love ur network more than other, kindly do something pls",data_issue,high,routine,no,Cannot browse on Glo while another network works; clear mobile-data service problem.,"@307683 Please confirm the apn, username and password. Also revert with your number and exact location. SO",21.0,yes,,,,,,,,,,,,,,,,,
G022,745771,"@GloCare I have made complaints severally on how glo deducts my airtym,yet nothing was done abt. I will never patronize ur useless network again",unauthorized_charge_or_vas,medium,escalation_relevant,yes,Repeated complaint about airtime deductions with no resolution.,"@298299 Good morning, we apologize about it. The issue has been forwarded to our resolution team for assistance. Thank you. SO",22.0,yes,,,,,,,,,,,,,,,,,
G023,1258137,@GloCare network been switching off &amp; on. It has been completely off for a while now &amp; I can't even call customercare pls help 07053337908,network_issue,high,routine,no,Network repeatedly switches off/on and customer cannot reach customer care.,"@414813 Kindly select 3G only network; not Auto, on your device setting for better connection. TT",23.0,yes,,,,,,,,,,,,,,,,,
G024,2764089,"Dear customer, your subscription of CHOLESTROL's gpa cannot be renewed due to insufficient balance. @117627 @GloCare CANCEL. I did not subscribe to it. #Fraud.",unauthorized_charge_or_vas,high,routine,no,Explicitly rejects an unrequested paid VAS subscription.,"@201381 @117627 Morning Edu, kindly send STOP to the VAS code or provide your mobile number for assistance to deactivate the VAS.  TT",24.0,yes,,,,,,,,,,,,,,,,,
G025,2651022,"@GloCare Hello. It's an office line, it's for calls only. I told you it does not support browsing. Kindly tell me i you can refund the airtime or not. This is taking too long",recharge_or_airtime_issue,high,escalation_relevant,yes,Customer seeks an airtime refund and historical response directs further assistance.,"@747750 Apologies, kindly send a mail to __email__ for further assistance. DA",25.0,yes,,,,,,,,,,,,,,,,,
G026,2330300,"@GloCare 08119242743,no network  bars atall, and wen it come back, i can't mk use it, and I just renewed my data,Ajah Lagos, Moba town, etiosa lga.yesterday till now, techno j8 boom",network_issue,high,ambiguous,yes,No network is the primary issue; inability to use newly renewed data is a consequence/secondary symptom.,"@674684 Hello, we apologize. We are aware of the issue and the network engineers are working to resolve it. Kindly bear with us. DA",26.0,yes,,,,,,,,,,,,,,,,,
G027,496767,@GloCare earlier this week i used the 2442 DND code given to me by one of ur agents nw am getting msgs 4 a service i didnt subscribe 4 with my airtime deducted 4 said service Again!!!,unauthorized_charge_or_vas,high,escalation_relevant,yes,Unsolicited service and airtime deduction despite DND are explicit VAS complaints.,@227394 We apologize. May we have your number for assistance? SO,27.0,yes,,,,,,,,,,,,,,,,,
G028,2817931,"@GloCare Please check again, Firstly 400 naira was deducted, I loaded 100 naira, no deduction, 500 naira was loaded, and the last 100 naira was deducted, why deducting from the 1000 naira, and why is 20 naira still remaining",unauthorized_charge_or_vas,high,ambiguous,yes,Multiple deductions are explained historically as VAS plus outstanding loan; customer disputes deductions.,"@785493 Hello Julius, N20 was debited from the amount (N100) recharged for value added service. Hence, the remaining amount was not sufficient to clear the outstanding loan. SO",28.0,yes,,,,,,,,,,,,,,,,,
G029,2159663,"@GloCare The number is 08050630693, HTC M8, Igbeti in olorunsogo LG OYO state, 3G network failure and also kindly note that we experience incessant network outage due power failure ( some times 4 days in a week) since Dec 2016, several complaint but still same .",network_issue,high,escalation_relevant,yes,Long-running 3G/network outage with repeated complaints and explicit escalation history.,@634317 The issue has been escalated to the unit in charge and It will be resolved soon. AP,29.0,yes,,,,,,,,,,,,,,,,,
G030,2724779,"@GloCare @117627 Stop emphasizing with mee. I've provided you with the number - +234 807 683 5245 - not fewer than 3times. Afterwards, you still resubscribed mee to the unsolicited services and deducted my money. @104856 @117626 @7475 @104937 @120330 @127588 @562660",unauthorized_charge_or_vas,high,escalation_relevant,yes,Unsolicited services were re-subscribed and money deducted; explicit VAS issue.,@264735 @117627 The VAS on the line has been deactivated. Sens STOP to 2442 for full VAS DND.  TT,30.0,yes,,,,,,,,,,,,,,,,,
G031,2651024,"@GloCare Would he/they refund the airtime?  I have used the live chat portal, still on Twitter, now Mail. If @GloCare  cannot provide the needed​ assistance, i think you should just tell me. I'm new on the network. I wouldn't want​ to waste my time and effort chasing after the wind.",recharge_or_airtime_issue,medium,escalation_relevant,yes,Customer is seeking a refund for an airtime/data-related transaction after repeated support attempts.,"@747750 Apologies, the data cannot be refunded. Thank you. DA",31.0,yes,,,,,,,,,,,,,,,,,
G032,788938,@GloCare  okk. I've sent in my complaint,non_actionable_or_context_required,high,low_information,yes,Only says a complaint was sent; the underlying support goal is absent.,@308138 May we have your number? CA,32.0,yes,,,,,,,,,,,,,,,,,
G033,209546,@GloCare Yet to receive my N100. Pls refund!,non_actionable_or_context_required,medium,ambiguous,yes,Requests a refund of N100 but gives insufficient context to determine the underlying transaction/intent.,"@165602 Hello Folashade, we apologize for the delay experienced. Work is in progress. Please bear with us. Thank you. SO",33.0,yes,,,,,,,,,,,,,,,,,
G034,496751,@117627 @GloCare Please confirm if 08118280516 is 4G simcard,sim_or_device_issue,high,routine,no,Directly asks whether a particular SIM is 4G-capable.,@233526 @117627 4G is active on the sim. SO,34.0,yes,,,,,,,,,,,,,,,,,
G035,1931789,@GloCare how does one transfer credit from one phone to another?,recharge_or_airtime_issue,high,routine,no,Asks how to transfer/share airtime credit between phones.,"@372400 Hello Omoniyi, dial *131*Number*Amount* PIN# to share credit. To change PIN dial *132*00000*New PIN*New PIN# Default PIN is 00000. TT",35.0,yes,,,,,,,,,,,,,,,,,
G036,1964647,Please and please epp my solution @GloCare  this your network is crawling 😭😭,network_issue,high,routine,yes,Explicitly says the network is crawling; customer-specific diagnostics are needed.,"@582442 Morning.We apologize.Kindly provide your number, device type, exact location and error response for a quick check . Thank you. AP",36.0,yes,,,,,,,,,,,,,,,,,
G037,1138796,@GloCare please is glo me2u not functioning again? I want to transfer credit,recharge_or_airtime_issue,high,routine,no,Glo Me2U credit-transfer functionality is the stated support goal.,"@388245 it is, may we know the error it gives when you try to transfer credit? OO",37.0,yes,,,,,,,,,,,,,,,,,
G038,2765226,@GloCare Though 2G can't be reached.... I can be reached on my 3G phone on 08053355365,network_issue,medium,ambiguous,yes,Message is incomplete/context-dependent but clearly discusses network reachability by generation.,@773395 The issue reported has been escalated for resolution. Kindly be patient.  TT,38.0,yes,,,,,,,,,,,,,,,,,
G039,1122587,@GloCare I have restarted my phone a million times. It's not a restart problem. It's a network problem. It's back now though,network_issue,high,routine,no,"Explicit network problem, although it had already recovered when the message was sent.",@384758 okay,39.0,yes,,,,,,,,,,,,,,,,,
G040,2345094,"@GloCare I have done all these your device tyre ,off and on,restart your device and change to 3G only all these these did not work...even one your guys told me the fault is from your end .common its talking long for christsake",network_issue,high,escalation_relevant,yes,Customer reports persistent network failure after device troubleshooting and says the fault is on the provider side.,"@678143 Hello Irohvincent , kindly provide the details below for resolution. Thank you. DA",40.0,yes,,,,,,,,,,,,,,,,,
G041,209818,"@GloCare We are having difficulties using your network for the past two days now. We can't check balance, we are having call drops and the worst is",network_issue,high,escalation_relevant,yes,Broad network failure with call drops and inability to check balance; engineers are already involved.,@165647 We apologize for the inconveniences experienced. Network engineers are presently working to resolve the issue. Kindly be patient. SO,41.0,yes,,,,,,,,,,,,,,,,,
G042,2391726,@GloCare  OK,non_actionable_or_context_required,high,low_information,no,Only an acknowledgement; no actionable customer-support goal.,@688831 Thank you for choosing Glo. #GloEverydayBonanza #TeamUnlimited# GA,42.0,yes,,,,,,,,,,,,,,,,,
G043,2092975,@GloCare No improvement yet pls.,network_issue,high,ambiguous,yes,"Follow-up says there is still no improvement, but the underlying issue is only inferable from the historical context.","@618457 Hello, our engineers are still  working on the issue. Kindly bear with us. Thank you. DA.",50.0,yes,,,,,,,,,,,,,,,,,
G044,2414073,"@GloCare Hello my subscription was stopped days before it was supposed to expire,called your customer care twice stayed on the phone for 22 minutes no response.",data_plan_issue,high,escalation_relevant,yes,Subscription stopped before expected expiry; customer could not get support.,"@693921 Kindly dial *127*0# or send INFO to 127 to check your data balance and validity. You may also dial *777#, select 1 for 3G-4G data Plan, then 4 to Manage Plan, then 4 to Get Data Balance. A plan expires when it reaches the validity date and also when the data volume finishes. GA",1.0,yes,,160.0,False,True,False,True,False,True,True,False,True,True,False,False,4.0,2.0,
G045,474020,@GloCare @227840 Wetin happen. You guys are charging me for iflix after using for less than 60 days. Kilode? Iflix finished my last day subscription I didn't notice until I resubscribed and saw data dropping fast as I use iflix. Please what's the rule? 08051891193.,unauthorized_charge_or_vas,high,ambiguous,yes,Customer reports unexpected iFlix-related data charging and asks about the rule.,"@268899 @227840 Good morning, Damilola. Its access that's free for 2 months,not downloads or streaming on the app. More on that here: https://t.co/K1OxpO956D. ^GM",2.0,yes,,265.0,True,True,False,True,False,True,True,False,True,True,False,False,4.0,2.0,
G046,2782505,"@GloCare Hello guys. I bought a SIM this afternoon, registered it at a GLO Dealer outlet. I was promised that it be activated in 1 hour but I am yet to see activation. Kindly let me know what to do...",sim_or_device_issue,high,escalation_relevant,yes,New SIM was registered but activation did not occur as promised.,@777034 Kindly exercise patience. ET.,3.0,yes,,200.0,False,True,False,False,False,True,False,False,True,True,False,False,2.0,2.0,
G047,2470834,@117627  Data service is just too poor. @GloCare please tell me how are you grandmasters of data. This tweet was sent using @5566 network,data_issue,high,routine,yes,Customer reports very poor data service.,@706719 @117627 We sincerely apologize for the inconveniences. GA,4.0,yes,,136.0,False,True,True,True,False,False,True,False,True,True,False,False,4.0,2.0,
G048,2395492,@145588 @7693 @117627 @GloCare Please to inform you @117627 &amp; @145588 that your data connectivity in Apete by Yidi Road is worst that has imprisoned me and outcast my update on news as the data network needs 2b improve in d area please to allow me enjoy my data,network_issue,high,routine,yes,Customer reports severe data connectivity problem at a specific location.,@117624 @145588 @7693 @117627 We apologize. We are aware of the issue and the network engineers are working to resolve it. Kindly bear with us. EE,5.0,yes,,265.0,False,True,True,True,False,False,False,False,True,True,False,False,3.0,2.0,
G049,2414077,"@GloCare there's no flooding network in some areas of Ado-Ekiti. From Ijigbo Junction up to Oke Ureje is a complete black spot. No network at all both for call and data. Please,  I have a good spot to erect your master if this will resolve the issues. It's very bad. Please assist",network_issue,high,escalation_relevant,yes,Complete network outage affects both calls and data in a defined area.,"@687943 Hello Oluwagbenija, we appreciate the feedback. Kindly send a mail to __email__ GA",6.0,yes,,279.0,False,False,True,True,False,False,False,False,True,True,False,False,3.0,2.0,
G050,317832,"@GloCare Please I'm not talking about data bonus. I'm talking about credit bonus, the one you check with #122*2#
Read my tweet well",bonus_or_promotion_issue,high,ambiguous,yes,Customer clarifies that the missing bonus is credit bonus rather than data bonus.,"@165653 Morning, we apologize. We are unable to access your account presently due to system maintenance. TT",7.0,yes,,131.0,False,True,False,True,True,False,False,True,True,True,False,False,4.0,2.0,
G051,2910699,"@GloCare I borrowed #200 and recharged #400 card, and bought #200 data only for glo to deduct #100 from my account again. My number is 07054544145.",unauthorized_charge_or_vas,high,ambiguous,yes,Customer reports an unexpected deduction after recharge; historical response attributes it to loan repayment.,@805787 100 naira was debited yesterday as repayment for the loan taken. ^GM,8.0,yes,,147.0,False,True,False,True,True,False,True,False,True,False,True,False,4.0,2.0,
G052,584005,"@GloCare my mobile #08159821678...I just recharge 1400 - was goin to load anoda 1100 so I can activate d (5gb) 2500 data plan, pls is there anything u can do to help?",data_plan_issue,high,ambiguous,yes,Customer wants help activating a specific data plan after recharge.,"@257777 Hello Chubby, kindly send CANCEL to 127 to deactivate the data auto renewal service on the line. It will enable you change subscription type.  TT",9.0,yes,,166.0,True,True,False,True,True,False,True,False,True,True,False,False,4.0,2.0,
G053,2409934,"@GloCare please I need u assist me. When ever they are is money on you used to deduct it and I can remember subscribing to any news, advert or any",unauthorized_charge_or_vas,high,escalation_relevant,yes,Customer reports unexplained recurring deductions and does not recall subscribing.,@692907 We apologize for this inconvenience. May we have the affected number for checks. #GloEverydayBonanza #TeamUnlimited# GA,10.0,yes,,146.0,False,False,False,True,False,False,True,False,True,True,False,False,3.0,2.0,
G054,209665,"@GloCare Please check my combo bundle balance for Int'l calls for 1000k subscription bcoz anytime I check through *777#,#122*1# no ans nr 07059646781",data_plan_issue,high,routine,no,Customer wants to check an international-call bundle balance.,"@165622 Afternoon Roberts, please dial  #122*1#  to check the IDD pack balance.  TT",11.0,yes,,149.0,False,True,False,True,False,False,True,False,True,True,False,False,3.0,2.0,
G055,471935,@GloCare @117627 Please why can’t I buy internet data? Been trying this since last night?,data_plan_issue,high,routine,no,Customer cannot purchase an internet data package.,"@227392 @117627 We apologize.We are aware of it,our engineers are currently working on it kindly be patient. ET.""",12.0,yes,,89.0,True,True,False,True,False,False,False,False,True,True,False,False,2.0,2.0,
G056,2636639,@GloCare This is the sub I did (the first one) only to get 1636mb. Please! Whats up.?.?! https://t.co/A50adS4T5F,data_plan_issue,medium,ambiguous,yes,Customer reports receiving less data than expected after a subscription.,@744205 Kindly confirm when your previous plan expired. CA,13.0,yes,,112.0,True,True,False,True,False,False,False,False,True,True,False,False,2.0,2.0,
G057,1503862,"@GloCare @469054 My data is paused and is on a weekend plan, I want to switch back to my normal data plan . How please?",data_plan_issue,high,routine,no,Customer wants to switch from a weekend data plan to a normal data plan.,"@469053 @469054 Hello,
Kindly call 444 or 08070140444 for assistance on your data.
Thank you

PE",14.0,yes,,119.0,True,True,False,True,False,False,False,False,True,True,False,False,2.0,2.0,
G058,2391743,@GloCare @117627 please what is going on ? I'm trying to renew my data bundle and It's not working.  As usual your customer care line never works!!!! Always held up🙄 please can you do something?,data_plan_issue,high,escalation_relevant,yes,Customer cannot renew a data bundle and reports repeated customer-care difficulty.,"@681851 @117627 We apologize, Kindly try it again later .EE",15.0,yes,,193.0,True,True,False,True,False,False,False,False,True,True,False,False,2.0,2.0,
G059,2218206,"@GloCare pls Dear customer, a warm welcome of N200200 Free Airtime is yours. Since o, my normal bonus if I recharge, I nor dey c am again o.. Pls help",bonus_or_promotion_issue,medium,ambiguous,yes,Customer reports that their normal recharge bonus is no longer appearing.,"@208125 Kindly be explicit,so we may assist. CA",16.0,yes,,150.0,False,True,False,False,True,False,True,True,True,True,False,False,4.0,2.0,
G060,834381,"@GloCare please I made a recharge of #1500,yesterday only to see #95 as my balance",recharge_or_airtime_issue,high,escalation_relevant,yes,Customer recharged but reports a much lower remaining balance than expected.,"@318689 Good morning, may we have your number for clarification. Thank you. SO",17.0,yes,,82.0,False,True,False,False,True,False,True,False,True,True,False,False,3.0,2.0,
G061,493063,@GloCare @232556 @117627 Good Evening. Please help to scan my line and remove what do deduct my credit. Thank,unauthorized_charge_or_vas,high,escalation_relevant,yes,Customer asks for unexplained deductions from airtime to be identified and removed.,@232555 @117627 Kindly send in your number. Thank you. CA,18.0,yes,,109.0,False,True,False,False,True,False,True,False,True,True,False,False,3.0,2.0,
G062,1000324,"@GloCare Hello,
I just cleared my BMC account of #200 but few mins later I was notified again to still be owing.
Pls can you run a check",recharge_or_airtime_issue,high,escalation_relevant,yes,Customer paid a BMC debt but was still notified that the debt remained.,"@356824 Kindly send in your number ,for a check. CA",19.0,yes,,136.0,False,True,False,False,False,False,False,False,True,True,True,False,1.0,2.0,
G063,1884940,@GloCare unable to make calls or send message again. Error response: call drop.Please its becoming annoying complaining everyday.08079053766,voice_or_line_issue,high,escalation_relevant,yes,Customer cannot make calls or send messages and reports call-drop errors.,"@562409 Dear Femi, we sincerely apologize for the inconvenience. Kindly switch off and on your device after five minutes then try again. PE",20.0,yes,,140.0,False,True,False,False,False,False,False,False,True,True,True,False,1.0,2.0,
G064,445933,"@glocare! Good morning! Want to migrate to call unit of 20/s, what the code pls. Th,ks",voice_or_line_issue,high,routine,no,Customer asks how to migrate to a different calling tariff.,"@220607 Morning Titilope, Gbam Extra has a tariff of 12k/sec to Glo and 15k/sec to other network. Access charge of N5 applies on days calls are made.  TT",21.0,yes,,86.0,False,True,False,False,False,False,False,False,True,True,False,False,1.0,1.0,
G065,2651040,"@GloCare That was the response. Do I have to keep recharging, or what? I don't get it please.",bonus_or_promotion_issue,medium,ambiguous,yes,Customer asks about recharge requirements for unlocking additional bonus.,@747753 Recharge more to unlock some more. Dial #122*23# to view unlocked bonus. ^GM,22.0,yes,,93.0,True,False,False,False,False,False,False,False,True,True,False,False,1.0,1.0,
G066,1433270,"@GloCare I call 124, still is the same thing. my call can not be completed please contact customer care.",voice_or_line_issue,high,escalation_relevant,yes,Customer's calls cannot be completed despite trying customer care.,"@452788 Hello Ibrahim, we apologize. Issue has been escalated to the unit in charge for assistance. SO",23.0,yes,,104.0,False,True,False,False,False,False,False,False,True,True,False,False,1.0,1.0,
G067,469805,@GloCare please Globacom how will i activate my deactivated line ? If i load a Card will it activated ?????,sim_or_device_issue,high,routine,no,Customer asks how to reactivate a deactivated line/SIM.,"@226870 for deactivated sim, please visit the nearest Gloworld with N100, sim certificate and valid identity card. Thank you",24.0,yes,,107.0,True,False,False,False,False,False,False,False,True,True,False,False,1.0,1.0,
G068,2146010,Dear @GloCare why am I still getting messages from 8888 after I've fully activated DND? Kilode Gan sef😠,unauthorized_charge_or_vas,high,routine,no,Customer reports receiving unwanted service messages despite activating DND.,@523891 Good morning. Kindly text STOP to 8888 or provide your number for necessary assistance. Thank you. FA,27.0,yes,,103.0,True,True,False,False,False,False,False,False,True,False,False,False,1.0,0.0,
G069,1553142,@GloCare I wish to why I was deactivated from using the *200# package. I never knew when I stopped from using it,account_or_general_support,high,escalation_relevant,yes,Customer reports unexpected deactivation from a package and requests an account check.,@480541 Kindly provide your phone number for checks Thank you for your patience. UO.,28.0,yes,,112.0,False,True,False,False,False,False,False,False,True,False,False,False,1.0,0.0,
G070,2933831,@GloCare thankz. But dey didn't give me any bonus as i bought new jumbo sim yesterday with #1100 Recharge card.,bonus_or_promotion_issue,high,routine,no,Customer reports missing bonus after purchasing a new Jumbo SIM and recharging.,@811250 Please dial #122*23# to view your unlocked JUMBO bonus. ^GM,29.0,yes,,111.0,False,True,False,True,True,True,True,True,False,True,False,False,5.0,2.0,
G071,2330344,"@GloCare Hello glo, your I bought your sim, but it charges me me too high almost 30 per minute, airtel charge me less than 8naira per minute, what should I do to get good rate? I can’t deal with this high charge.",voice_or_line_issue,high,routine,no,Customer complains about high per-minute calling charges and wants a better tariff.,@676658 Kindly dial #100# to know your present package. Then click on for details of our plans to make a choice from https://t.co/bVzBGOevhb . GA,31.0,yes,,212.0,True,True,False,False,False,True,True,False,False,True,False,False,2.0,2.0,
G072,1043403,"@GloCare, ""Connection problem or invalid mmi code"" is what I see as I tried recharging 08072006674. Is *123*pin# no longer working? Thanks",recharge_or_airtime_issue,high,routine,no,Customer receives an invalid MMI error while attempting a recharge.,"@366734 Good morning, we apologize for the inconveniences experienced. Please call 123 and follow info to recharge. SO",32.0,yes,,138.0,True,True,False,False,False,True,False,False,False,True,False,False,1.0,1.0,
G073,1862879,"@GloCare Cell no- 07051883771; Location- Surulere, Lagos; Device name- BlackBerry: Device model- Q10; APN- gloflat; username &amp; password-flat",data_issue,medium,escalation_relevant,yes,Customer provides troubleshooting details for a data-service problem.,"@556657 Gabriel, We sincerely apologize for the inconveniences. Your line is fine. Kindly exercise patience, the issue is being resolved. FA",33.0,yes,,144.0,False,True,False,False,False,True,False,False,False,True,False,False,1.0,1.0,
G074,348309,"@GloCare  I dnt understnd y, after a prper sim reg. I cant retrieve my sim at #Gloword because of 🆔 card despite providing a civil servnt 🆔.",sim_or_device_issue,high,routine,no,Customer has difficulty retrieving/replacing a SIM because of identification requirements.,"@161790 Good evening, sim replacement requirements are: sim card hold (or sworn affidavit),valid I.d card, N100 and frequently 5 dialed numbers. SO",34.0,yes,,139.0,False,False,False,False,False,True,False,False,False,False,False,False,1.0,0.0,
G075,395956,"@GloCare 
Hello, can we plz have some reprieve to network quality in Graceland, Zaria, Kaduna State? 
It's embarrassingly slow n unstable.",network_issue,high,routine,yes,Customer reports slow and unstable network quality in a specific location.,"@209744 We apologize for the inconveniences,we are aware of the issue and it's being worked on. EE",35.0,yes,,136.0,True,False,True,True,False,False,False,False,False,True,False,False,2.0,2.0,
G076,2247212,"@GloCare URGENT! I have not had network in my house area (somewhere in Rumuodara,PHC) for months. Which kain wahala be this? Once i get back from work i cant call or use data on my Glo line.",network_issue,high,escalation_relevant,yes,Customer reports a months-long local network outage affecting calls and data.,"@654882 We apologize.Kindly provide your number, device type, exact location and error response for a quick check . Thank you. AP",36.0,yes,,190.0,True,False,True,True,False,False,False,False,False,True,False,False,2.0,2.0,
G077,315466,"@GloCare @191307 Is there any 4g site around Egbeda, new Ife road Ibadan?",network_issue,high,routine,no,Customer asks about availability of a 4G site in a specific area.,"@191313 @191307 Morning, yes there is along egbeda-atuba road, Ibadan, Oyo state. TT",37.0,yes,,73.0,True,True,True,True,False,False,False,False,False,False,False,False,2.0,1.0,
G078,2800841,"@GloCare @117627 
I load card and subscribed u telling me e never work that all these time am using my money de browse ? i DM u guys ‘ una de do me like hausa girl una no even wan pick my calls 
No be by force to use Glo oo 
God punish all of una 🚶🏿✌🏿
Hi @118424 🤚🏿",data_issue,medium,escalation_relevant,yes,Customer reports data access problems after subscribing and expresses dissatisfaction.,@774274 @117627 @118424 Already replied . ^GM,38.0,yes,,262.0,True,True,False,True,False,False,False,False,False,True,True,False,1.0,2.0,
G079,967837,"@GloCare if a friend share his data with me ,does it indirectly means I share mine with him too ?",data_issue,high,routine,no,Customer asks whether receiving shared data implies reciprocal sharing.,"@318686 Morning, no it does not. AP",39.0,yes,,97.0,True,False,False,True,False,False,False,False,False,True,False,False,1.0,1.0,
G080,658682,How can I have 4095mb of glo data as at 13th November and today 22nd I'm left with only 200mb haba @GloCare which kind 419 be this?,data_issue,high,escalation_relevant,yes,Customer reports unexpectedly rapid data consumption.,@276819 We kindly request you monitor your data usage. You may want to check if you have any number(s) sharing data with you. CA,40.0,yes,,131.0,True,True,False,True,False,False,False,False,False,True,False,False,1.0,1.0,
G081,2945949,"@GloCare that Streaming #YouTube video from 1am-5:30am is it still on ?
Because I always buy data of #2.5k",data_plan_issue,high,routine,no,Customer asks whether a specific streaming-data benefit is still available.,@813733 yes it is still on ~ OO,41.0,yes,,106.0,True,True,False,True,False,False,False,False,False,False,False,False,1.0,0.0,
G082,2812719,"@GloCare Yeah, but will the extension retain the unused data and take it over to the next month?",data_plan_issue,high,routine,no,Customer asks whether unused data carries over after a plan extension.,@120252 yes it will ~ OO,42.0,yes,,96.0,True,False,False,True,False,False,False,False,False,False,False,False,1.0,0.0,
G083,69361,"@GloCare just bought 1000 data and instead of 3.2gb I saw 1648mb on 07059556635 Wi-Fi modem, what's happening?",data_plan_issue,high,routine,no,Customer received less data than expected under a specific plan/renewal rule.,"@131705 Yes, initially for 1000 data plan you get 1.6gig as you auto renew/extend your plan, you will get the 100% bonus data for the plan bought. Also,a 7-day grace period is provided for renewal of plan after expiration, after which you are only eligible to half the data volume. ET.",43.0,yes,,110.0,True,True,False,True,False,False,False,False,False,False,False,False,1.0,0.0,
G084,228170,"@GloCare I got a message that I should dial x100x6x1#,hope it wouldn't affect my package of #2500 for 10G data?",data_plan_issue,medium,ambiguous,yes,Customer asks whether a migration code would affect an existing data package.,"@170400 Morning Johnson, may we know if you intend to migrate to Gbam Extra package?  TT",44.0,yes,,111.0,True,True,False,True,False,False,False,False,False,False,False,False,1.0,0.0,
G085,1199678,No glo network since 6pm ...@GloCare what's up?,network_issue,high,routine,yes,Customer reports complete loss of network service.,"@401880 Hello, we empathize with you. May we know the error message you get? PE",45.0,yes,,47.0,True,True,True,False,False,False,False,False,False,True,False,False,1.0,1.0,
G086,1732070,@GloCare good morning.. Why is my GLO network poor??? Since on Friday up till now showing me emergency call only. Pls. 08052515535,network_issue,high,escalation_relevant,yes,Customer reports emergency-only network status lasting several days.,"@128809 We apologize for any inconvenience. Kindly provide your, exact location, device type and error response so we can progress UO.",46.0,yes,,130.0,True,True,True,False,False,False,False,False,False,True,False,False,1.0,1.0,
G087,2769400,@GloCare @170399 what sort of network is this? over 7hrs I've been trying to subscribe. network engineers have been working since 6am,data_plan_issue,medium,ambiguous,yes,Customer cannot subscribe to a data package and reports an ongoing network-related problem.,@232567 @170399 Kindly try again issue has been resolved. ET.,47.0,yes,,133.0,True,True,True,False,False,False,False,False,False,True,False,False,1.0,1.0,
G088,1210497,"@GloCare Network status? Worst! I Just replying 2 days later means, everything was shot down till last night, hope this last past 12 noon.",network_issue,high,escalation_relevant,yes,Customer reports severe network outage and asks whether service will remain unavailable.,"@404147 We apologize for any inconvenience. Kindly provide your phone number, exact location, device type and error response so we can progress UO.",48.0,yes,,138.0,True,True,True,False,False,False,False,False,False,True,False,False,1.0,1.0,
G089,1833990,"Am I d only one ""enjoying"" ds very poor network from @117627? So terrible. @GloCare @145585",network_issue,high,routine,yes,Customer reports very poor network quality and needs location-specific assistance.,"@550127 @117627 @145585 Afternoon Abayomi, may we know the exact issue being experienced at your location to offer you assistance? TT",49.0,yes,,91.0,True,True,True,False,False,False,False,False,False,False,False,False,1.0,0.0,
G090,1917354,@GloCare I have recharge but can't access my bonuses. Why?,bonus_or_promotion_issue,high,routine,no,Customer cannot access bonuses after recharge and asks why.,@241944 Kindly dial #122*35# to check it. AP,50.0,yes,,58.0,True,False,False,False,True,False,True,True,False,False,True,False,3.0,2.0,
G091,469794,"@GloCare i did not apply for any #service. Dear User, your billing for Glo Gamestore has failed due insufficient balance. Please recharge",unauthorized_charge_or_vas,high,routine,no,Customer denies requesting Gamestore service; account/service billing issue.,@222686 Kindly provide your phone number for assistance. ET.,,yes,,,,,,,,,,,,,,,,,1.0
G092,1894596,@GloCare That's not what I have problem with please. Fix this deductions thing.,unauthorized_charge_or_vas,high,escalation_relevant,yes,Customer explicitly asks to resolve unexplained deductions.,@564748 Complaint has been escalated. You will receive a text informing you when the issue will be rectified. GA,,yes,,,,,,,,,,,,,,,,,2.0
G093,988312,"@GloCare haba, my glo 4g lte wanna kill me this month since i subscribed. It doesnt go again, im tired pls help 😩😭😭😭",data_issue,high,escalation_relevant,yes,4G/data service stopped after subscription.,"@354156 Good afternoon, may we have your number, device details, exact location and error message for assistance. We empathize. SO",,yes,,,,,,,,,,,,,,,,,4.0
G094,883415,@GloCare but one things remains. I am a victim of unsolicited deductions. Please deactivate all deductions on 0815699716,unauthorized_charge_or_vas,high,escalation_relevant,yes,Unsolicited deductions/service issue requires account-specific investigation.,"@329777 Good evening, we empathize, number not correct. Please dial 777*# to know number. SG",,yes,,,,,,,,,,,,,,,,,5.0
G095,46773,@GloCare As a matter of fact I didn't download any song So please deactivate any caller tunes and VAS or song as a matter of urgency .thanks,unauthorized_charge_or_vas,high,routine,no,Customer wants caller-tune/VAS messages stopped.,@126397 Your request for VAS deactivation has bee treated. Stay Unlimited!  TT,,yes,,,,,,,,,,,,,,,,,6.0
G096,2414019,@GloCare Please can i know the meaning of DND list,account_or_general_support,high,routine,no,Asks for the meaning of DND.,@693915 Do not disturb . CA,,yes,,,,,,,,,,,,,,,,,10.0
G097,2685770,@GloCare hi would like to deactivate my glo camp-boost plan,data_plan_issue,high,routine,no,Requests deactivation of a specific data plan.,"@433350 Hello George, do you refer to stopping an already active plan? UO",,yes,,,,,,,,,,,,,,,,,11.0
G098,1157088,@GloCare pls i want to remove a no. From glo gifting how do i do that,data_plan_issue,high,routine,no,Requests removal from data gifting/sharing.,"@392192 Hello Tobi, you can remove shared number ( not gifting) Dial *127*02*[friend’s number]# OR Send “Remove [friend’s number]” to 127. SO",,yes,,,,,,,,,,,,,,,,,13.0
G099,33122,"@GloCare please where can I locate glo office near University of Ibadan environs.
Need to retrieve my lost sim card ASAP. Thanks",sim_or_device_issue,high,routine,no,Asks where to retrieve a lost SIM.,"@123325 Hello Ijeoma, Conoil Filling Station, Sango/Eleyele Road, Beside Polytechnic south campus gate, Ibadan. SO",,yes,,,,,,,,,,,,,,,,,15.0
G100,1123739,"@GloCare I rchrgd N500 wt *323*PIN# bt none of my accts ws credited, made 2 kols to 121 yet not credited abt 7hrs now. 08050597950.",recharge_or_airtime_issue,high,escalation_relevant,yes,Recharge was made but account was not credited.,@385001 Good morning. May we have the recharge card serial number via DM? FA,,yes,,,,,,,,,,,,,,,,,16.0
G101,2121921,What are the requirements for retrieving a lost sim @GloCare,sim_or_device_issue,high,routine,no,Asks requirements for retrieving a lost SIM.,"@456319 Visit any Gloworld/Glo zone outlet with a valid means of ID, at least N100, the sim pack or affidavit and 5 frequently dialed numbers. GA",,yes,,,,,,,,,,,,,,,,,17.0
G102,20402,@GloCare *123*pin#,recharge_or_airtime_issue,medium,ambiguous,yes,Short recharge code; historical response indicates recharge-card handling.,@120456 We apologize. Please provide card serial number. UO,,yes,,,,,,,,,,,,,,,,,18.0
G103,347136,"@GloCare i went to ur office to change my sim to Nano sim, after presenting my sim n idcard, d lady there said I mst bring an affidavit",sim_or_device_issue,high,routine,no,SIM replacement requires affidavit.,@198670 You will need an affidavit in place of the items you cannot provide for the replacement. ET,,yes,,,,,,,,,,,,,,,,,19.0
G104,2717684,"@GloCare I don't have the Sim pack but, I have a valid ID",sim_or_device_issue,high,routine,no,Missing SIM pack and asks about replacement requirements.,@361684 Kindly get an Affidavit and /or police report for the process. Thank you.  TT,,yes,,,,,,,,,,,,,,,,,20.0
G105,1123768,"@GloCare Please, I want to complain about the poor service in my area. If I put on 3G service it shows emergency calls only.  PLEASE HELP!",network_issue,high,routine,yes,Emergency-only service on 3G indicates network/connectivity issue.,"@153133 Good morning, we empathize. Please alternate the network mode, select either 2g or 3g only, not both. Restart your device afterwards. GA",,yes,,,,,,,,,,,,,,,,,21.0
G106,94526,@GloCare Glo charges me 0.24 per secs same network cos I called glo line for 5 secs and was charged 1.2 /5secs =0.24 x60 =N14. 4 per min.,voice_or_line_issue,high,escalation_relevant,yes,Customer reports unusually high voice-call charges.,"@136527 ""Hello Aminu, may we have your number for clarification. Thank you. IQ",,yes,,,,,,,,,,,,,,,,,22.0
G107,2330459,@GloCare Kindly help deactivate auto renewal on my line. I have tried to do so via text messages it wasn't going. My phone no: 08056341036,data_plan_issue,high,routine,no,Requests deactivation of data auto-renewal.,@419756 Kindly conform the service you wish to cancel auto renewal on. Thank you. CA,,yes,,,,,,,,,,,,,,,,,23.0
G108,1199689,"@GloCare Your call cannot be completed at the moment, please try again later",voice_or_line_issue,high,routine,no,Calls cannot be completed; historical response attributes it to insufficient credit.,"@401886 Afternoon Habiba, kindly recharge your line. You have insufficient credit to make calls. Dial #124*1# to check.  TT",,yes,,,,,,,,,,,,,,,,,24.0
G109,2092984,@GloCare pls my line got blocked while trying to input my code,sim_or_device_issue,high,escalation_relevant,yes,SIM/line became blocked; historical response explicitly requires offline handling.,"@618458 Apologies, we don't handle SIM blocked  issue(s) online due to security reasons. Kindly call 121 or visit Gloworld for assistance. DA",,yes,,,,,,,,,,,,,,,,,25.0
G110,1266230,"@GloCare I don't want messages about recharge to get bonus etc, it comes in every morning and it's really disturbing",unauthorized_charge_or_vas,high,routine,no,Wants recurring promotional/service messages stopped.,"@331948 Hello Meeday, kindly provide your mobile number for assistance to deactivate it. STOP to 2442 is fo full VAS DND.  TT",,yes,,,,,,,,,,,,,,,,,27.0
G111,1016172,@GloCare I'm having issues recharging my glo line. I need help pls,recharge_or_airtime_issue,high,escalation_relevant,yes,Explicit difficulty recharging the line.,"@360439 Good evening. We sincerely apologize for the inconveniences. The issue is being resolved. Please, bear with us. FA",,yes,,,,,,,,,,,,,,,,,28.0
G112,304494,@GloCare I currently do not have sufficient credit to make the call,voice_or_line_issue,high,routine,no,Insufficient credit prevents calling.,@188713 The recharge amount has 5 days validity. View details below.  TT https://t.co/DwDgOHYsCv,,yes,,,,,,,,,,,,,,,,,29.0
G113,2330443,"Hello @gloCare 
I don't receive SMS on my line. Please kindly correct",voice_or_line_issue,high,routine,yes,Cannot receive SMS on the line.,@562309 Try to restart your phone without the sim on it. Replace sim and try to send a message to your line. CA,,yes,,,,,,,,,,,,,,,,,30.0
G114,1518982,@GloCare please kindly deactivate the Auto borrow me on dis line 07057946656 up,recharge_or_airtime_issue,high,routine,no,Requests deactivation of Auto Borrow service.,@472322 Treated. ^GM,,yes,,,,,,,,,,,,,,,,,31.0
G115,424203,@GloCare @215975 Please unsubscribe entertainment factory on my line 0905 585 8471.,unauthorized_charge_or_vas,high,routine,no,Requests unsubscribe from entertainment service.,"@215974 Hello Victor, To stop Binbit, please send STOP GL1 to 55357. Thank you. UO",,yes,,,,,,,,,,,,,,,,,32.0
G116,1632844,@GloCare .THIS is sad cause am thinking of changing my line. not fair . What's happening wit ur network .,network_issue,high,routine,yes,Reports poor network.,"@499618 We empathize, issue is being undertaken by the concerned team, please be patient. SG",,yes,,,,,,,,,,,,,,,,,33.0
G117,65411,@GloCare u guys wee just be deducting 1s money and if u now call u wee start hearing..u subscribed for certain plans... Issa lie o,unauthorized_charge_or_vas,high,escalation_relevant,yes,Reports unexplained deductions/subscriptions.,@130981 May we know how much was deducted and when the deduction was made?kindly provide your number for assistance. ET.,,yes,,,,,,,,,,,,,,,,,35.0
G118,2715647,"@GloCare 3days old sim wit N400, plus bonus and jumbo. Only about 10mins call. No SMS, no internet. Calculate it",sim_or_device_issue,medium,escalation_relevant,yes,New SIM has multiple service problems; SIM setup/account-specific handling.,"@762314 Hello Oses, kindly provide the mobile number for checks and assistance.  TT",,yes,,,,,,,,,,,,,,,,,36.0
G119,1855757,"@GloCare seems you guys now run shift with a data service I paid for. At night no network, in the morning it shows face.",data_issue,high,escalation_relevant,yes,Intermittent data service.,"@555108 Good morning. We apologize for the inconveniences. May we have your number, location, device name, model, APN, username and password? FA",,yes,,,,,,,,,,,,,,,,,37.0
G120,2218246,"@GloCare please guys, data browsing just stopped at egbeda/idimu/ikotun area . Alimosho Lagos. Full network bars but no browsing",data_issue,high,escalation_relevant,yes,No browsing despite full signal bars.,@343861 Work is ongoing in order to resolve the issue. We crave your patience while this is done. Thank you. CA,,yes,,,,,,,,,,,,,,,,,38.0
G121,2443697,"@GloCare @700705 @117627 Bukuru, Jos. Loss of signal for &gt;6 hours. Tafawa Balewa, Jos. Loss of Internet service. This happens on a daily actually.",network_issue,high,escalation_relevant,yes,Repeated signal/internet loss.,"@700706 @700705 @117627 Sincere apologies. kindly provide your number, device type, exact location with landmark, error message, signal you can see and alternate number. AP",,yes,,,,,,,,,,,,,,,,,39.0
G122,496739,@GloCare ur data service at Lagos island is terrible. I can't browse since morning,data_issue,high,escalation_relevant,yes,Cannot browse.,"@233522 We apologize. May we have your number, error message, exact location with landmarks, issue duration and device type for assistance. SO",,yes,,,,,,,,,,,,,,,,,40.0
G123,1389446,@GloCare help me check my line 08058011999 i ave megabyte but i pay for internet from the main acct,data_issue,medium,ambiguous,yes,Data exists but internet is charging the main account; needs account/service investigation.,"@443002 Ensure you have the correct settings. APN- Gloflat, Username - Flat and Password-Flat. Thank you. UO.",,yes,,,,,,,,,,,,,,,,,41.0
G124,2358270,"Good evening guys, so i have been unable to browse properly with my Glo sim since Saturday @GloCare",data_issue,high,routine,yes,Persistent inability to browse.,@562558 We sincerely apologize for the inconvenience. May we have  your location and number? DA,,yes,,,,,,,,,,,,,,,,,42.0
G125,134239,"@airtel_care @GloCare Pls what is the cheapest data u have because all like other networks like glo, have 1000 for 3.5gb",data_plan_issue,high,routine,no,Asks for the cheapest available data plan.,@146233 Please visit https://t.co/GvxBuIxUZL to see our new plan list. UO,,yes,,,,,,,,,,,,,,,,,45.0
G126,445883,"@GloCare pls no Glo network in OKEMESI ekiti,in ekiti west for d past 9days pls,we want to make call and browse ,find sometin do pls",network_issue,high,escalation_relevant,yes,Nine-day network outage affecting calls and browsing.,"@144577 Morning, we apologize for the inconvenience. Kindly provide your mobile number, error response, exact location with landmarks, LGA , alternate mobile number, issue duration and device type for assistance. TT",,yes,,,,,,,,,,,,,,,,,47.0
G127,1931834,@GloCare glo 09054590520. The last time I sub.  The message I received is that my data expires 2018. Why are yiu deducting my money na.,data_plan_issue,medium,ambiguous,yes,Questions money deduction associated with a data subscription.,"@220608 Hello Sandra, the data was exhausted by 2.31 PM today.  TT",,yes,,,,,,,,,,,,,,,,,48.0
G128,163952,"@GloCare 09056699203, the closest landmark is Royal glory hotel, kasmo area, Osogbo, Osun State, huwei honor 6, pls boost your browsing network,",network_issue,high,routine,yes,Location-specific browsing/network performance problem.,"@153952 Hello, we apologize. We are aware of the issue and the network engineers are working to resolve it. Kindly bear with us. TT",,yes,,,,,,,,,,,,,,,,,49.0
G129,670042,"@GloCare hey,i need help with my subscription...keeps redirecting me to dial *777# to knw more about data plans",data_plan_issue,high,routine,no,Subscription/data-plan access problem.,@279817 We sincerely apologize for the inconvenience. We are currently carrying out an upgrade.We implore you to please bear with us as soon we would be able to assist you. Kindly try again later. GA,,yes,,,,,,,,,,,,,,,,,51.0
G130,28337,"@GloCare No browsing network for us here, and our data subscription is always like a waste.. 
U can carry out a survey on this.. Form itoki to ifo",data_issue,high,escalation_relevant,yes,No browsing despite having a data subscription.,"@122205 Morning Vicky, kindly provide your number, error message, exact location with landmarks, issue duration and device type for assistance. TT",,yes,,,,,,,,,,,,,,,,,52.0
G131,1881394,"@GloCare your network is a disgrace, embarrassing that I subscribe and can't even use my data",data_issue,high,escalation_relevant,yes,Has data but cannot use it.,"@561463 We apologize for any inconvenience. Kindly provide your phone number, exact location, device type and error response so we can progress UO.",,yes,,,,,,,,,,,,,,,,,53.0
G132,2167982,The worst network you could ever subscribe to its data is @117627 @GloCare @117626. You have data but you can't browse.,data_issue,high,escalation_relevant,yes,Has data but cannot browse.,"@636151 We apologize for any inconvenience. Kindly provide your phone number, exact location, device type and error response so we can progress UO.",,yes,,,,,,,,,,,,,,,,,54.0
G133,2695567,"@GloCare pls am currently on #1000 3gb, i heard is now  4gb, hope on my next renewal is 4gb that i’ll see not 3gb as initial.",data_plan_issue,high,routine,no,Asks about data amount at renewal.,@261264 Yes it will. UO,,yes,,,,,,,,,,,,,,,,,55.0
G134,360520,@117627 @GloCare if u re having network issues inform ur customers. I thought I ve exhausted my bundle not knowing it's ur incompetence.,network_issue,medium,ambiguous,yes,Network problem appears to cause the perceived bundle/data issue.,"@201381 @117627 Hello Edu, we empathize. May we know the exact issue experienced for clarification. Thank you. SO",,yes,,,,,,,,,,,,,,,,,56.0
G135,381896,@GloCare  what is the code to stop getting your entertainment subscriptions finally?I send stop to 55357 only to be subscribed back to it.,unauthorized_charge_or_vas,high,routine,no,Requests stopping entertainment subscriptions.,"@206559 Good evening, please text STOP to 55357. Also text STOP to 2442 to cancel all unsolicited services. Thank you. SO",,yes,,,,,,,,,,,,,,,,,57.0
G136,209770,"@GloCare I'm talking of combo for international calling for 1000k subscription check d bal for me *777#,#122*1# isn't showing it nr is 07059646781",data_plan_issue,high,routine,no,Asks about international calling combo balance.,"@165622 Good evening, please confirm when you subscribed for the combo plan. SO",,yes,,,,,,,,,,,,,,,,,58.0
G137,49737,@GloCare It's high time you pple should introduce social bundles/plan...,data_plan_issue,high,routine,no,Requests/asks about a social data bundle/plan.,"@127131 Hello Yemi, We will notify the management of your request.Thank you  UO.",,yes,,,,,,,,,,,,,,,,,59.0
G138,2486781,@GloCare why am I being asked for a court affidavit to retrieve my registered line?,account_or_general_support,,escalation_relevant,yes,,"@710301 Where the SIM pack is unavailable, an affidavit attesting to the ownership and loss of the SIM must be provided. AP",,yes,,,,,,,,,,,,,,,,,
G139,598439,@GloCare My number is 08118875122,account_or_general_support,,low_information,yes,,@261898 The VAS on the line has been deactivated. You may send STOP to 2442 for full VAS DND.  TT,,yes,,,,,,,,,,,,,,,,,
G140,918858,"@GloCare When i try making calls the operator replies ""I can't call this number "" I can't call any number at all",voice_or_line_issue,,routine,no,,"@132391 Kindly send in your number,and duration of this issue. CA",,yes,,,,,,,,,,,,,,,,,
G141,1371044,@GloCare dailed it and still d same thing here is my number 08074640384,voice_or_line_issue,,ambiguous,yes,,@122460 Hello Troy the bonus has been credited on the line. Please initiate a chargeable service then dial the code to check again.  TT,,yes,,,,,,,,,,,,,,,,,
G142,2054146,"@GloCare The network is so irritating, I think it’s high time to swap the network",sim_or_device_issue,,ambiguous,yes,,"@607527 Hello Bams, kindly provide your number, error message, exact location with landmarks, issue duration and device type for assistance. TT",,yes,,,,,,,,,,,,,,,,,
G143,2500307,"@GloCare @7467 @25740 olorunsogo local govt,igbeti Oyo state,data and voice downtime android device",sim_or_device_issue,,ambiguous,yes,,"@713316 @7467 @25740 Hello, we apologize. We are aware of the issue and the network engineers are working to resolve it. Kindly be patient. DA",,yes,,,,,,,,,,,,,,,,,
G144,1825267,@GloCare My credit balance is 100 naira doesn’t show me anything concerning bumpa bonus,bonus_or_promotion_issue,,routine,no,,@507063 for bumpa bonus dial #122*2# ~ OO,,yes,,,,,,,,,,,,,,,,,
G145,2330536,"@GloCare I thought glo infinito, which I'm currently on, also enjoys the 200% bonus? When did that stop?",bonus_or_promotion_issue,,routine,no,,"@141397 No please. Bumpa package enjoys 200 % bonus on every recharge,from N100 and above. CA",,yes,,,,,,,,,,,,,,,,,
G146,2463673,"@GloCare pls de glo mast in agingi rukuba Rd of bassa LGA of plateau state went off  since a week now and de pple of that community have been in suffering. There is no mtn, 9mobile and airtel services there. Due to the recent killings in de region, it is very dangerous to stay",network_issue,,escalation_relevant,yes,,@705173 We sincerely apologize for the inconvenience. We assure you the issue affecting your location is being worked on. We implore you to please bear with us. Thank you. GA,,yes,,,,,,,,,,,,,,,,,
G147,539077,"@GloCare @117627 A week now, your network in Iseyin, Oyo State has been ATROCIOUS to put it MILDLY! Disappearing network!!! I guess you just employed Houdini but we subscribers didn't get the memo. Do remember to copy us when it returns! #MediocreGloNetwork @117626",network_issue,,escalation_relevant,yes,,"@244990 @117627 @117626 Sincere apologies. kindly provide your number, device type, exact location with landmark, error message, signal you can see and alternate number. AP",,yes,,,,,,,,,,,,,,,,,
G148,2965614,"@GloCare I still can't use the internet o. This is frustrating! 
😠😤",data_issue,,routine,no,,@374580 Please supply your number. ^GM,,yes,,,,,,,,,,,,,,,,,
G149,2005903,"@GloCare 08053575663, connection failure, oke-ode, abule-egba, pipeline junction, igoke estate, tecno Y2, can't browse @18561 except  @2688(mile 2)",data_issue,,ambiguous,yes,,"@191917 @18561 @2688 Hello Oluboba, we apologize. We are aware of the issue and the network engineers are working to resolve it. Kindly be patient. TT",,yes,,,,,,,,,,,,,,,,,
G150,1462270,@GloCare pls u r deducting 50# from my credit on 08112952225 weekly...pls stop wateva dat is making u deduct it pls immediately...,unauthorized_charge_or_vas,,escalation_relevant,yes,,"@459389 Hello Mayowa, we apologize. Issue has been escalated to the unit in charge for assistance. SO",,yes,,,,,,,,,,,,,,,,,
G151,1079213,"@GloCare Again where is my N20?? Recharged 3k, you auto renewed a plan I didn't want and my balance mysteriously went down from N2001 to N1981",unauthorized_charge_or_vas,,ambiguous,yes,,"@374571 Kindly be patient, the refund is being processed.  TT",,yes,,,,,,,,,,,,,,,,,
G152,575889,@GloCare Between yesterday and today.... I recharge 500 around after 2,recharge_or_airtime_issue,,low_information,yes,,"@255512 Your refund is being processed. You may send STOP to 2442 to blacklist your line from such subsequently,if you haven't. CA",,yes,,,,,,,,,,,,,,,,,
G153,2693389,@GloCare I don't appreciate being ignored and I'm losing my patience. what kind of stupid customer service is this?,non_actionable_or_context_required,,ambiguous,yes,,@756549 The issue has been escalated. Please check our last tweet on your timeline. Thank you for your patience. UO,,yes,,,,,,,,,,,,,,,,,
G154,209853,@GloCare I am sincerely disappointed in glo customer service. Would I have lied on that? Even your colleague earlier confirmed it. Check chat history,non_actionable_or_context_required,,ambiguous,yes,,"@165648 Hello Julius,  Due to system upgrade, we apologize we are not be able to run a check at this time. Kindly exercise some patience. UO",,yes,,,,,,,,,,,,,,,,,
G155,160989,@GloCare  I haven't gotten any response please,non_actionable_or_context_required,,low_information,yes,,"@153131 Good evening, we apologize but due to security reason, need to call 121 for assistance. SG",,yes,,,,,,,,,,,,,,,,,
G156,9099,@GloCare @117628 @117625 @117626 @117627 @48760 @53205 @7476 This is over 10 times u people have been asking 4my number with conflicting responses frm SO &amp; d likes. 08054117690. U must refund my money.,unauthorized_charge_or_vas,,escalation_relevant,yes,,@117624 @117628 @117625 @117626 @117627 @48760 @53205 @7476 We sincerely apologize.We are unable to assist to access the line that we are currently carrying out an upgrade. Please check back later. SO,,yes,,,,,,,,,,,,,,,,,
