candidate_id,customer_tweet_id,customer_text,brand_response,customer_created_at,brand_created_at,response_count,has_multiple_responses,text_frequency,has_duplicate_text,text_length,word_count,length_bucket,cluster_id,sampling_priority,pilot_intent
1,1833931,"@GloCare I'm experiencing worst internet connection problem. Device is Gionee M5, No. 09055427816, location Pedro, Gbagada. Rectify now.","@550111 Good morning Raymond. We apologize for the inconveniences. May we know your device APN, username and password? FA",Wed Oct 18 07:03:41 +0000 2017,Wed Oct 18 07:44:32 +0000 2017,1,False,1,False,136,18,medium_long,1,0,
2,83248,@117627 @GloCare 08050651546,"@134288 @117627 Hello Olaniya, we apologize about it. Issue has been escalated to the unit in charge for assistance. We will revert via sms shortly. SO",Thu Nov 30 12:18:26 +0000 2017,Thu Nov 30 13:09:10 +0000 2017,1,False,1,False,28,3,short,2,2,
3,1072198,"@GloCare Hi guys, i cant mak calls, check balance, subscribe &amp; browse wit Glo network since fridays...guy wats goin on..Pls help","@373012 Hello Maximillian, we apologize for the inconveniences experienced.The issue has been resolved. Please restart your device and try again. SO",Mon Oct 23 08:15:29 +0000 2017,Mon Oct 23 10:53:08 +0000 2017,1,False,1,False,132,21,medium_long,0,0,
4,531479,"""@GloCare: I just don't get it one has to  deal with Poor network connection, 4gb that really isn't 4gb? Well my location is  G/lada Abuja.","@242259 Good day, apologies for any inconvenience, response has been sent to your timeline, Kindly check and revert. GA",Sat Dec 02 09:17:06 +0000 2017,Sat Dec 02 10:09:18 +0000 2017,1,False,1,False,139,25,long,5,0,
5,1302601,@GloCare It's unacceptable for your guys at the customer care desk to abort my call today while still making my complaints.It's very rude. 😬,"@424409 Sincere apologies, may we know the issue? Thank you. AA",Thu Oct 26 18:11:24 +0000 2017,Fri Oct 27 00:23:19 +0000 2017,1,False,1,False,140,24,long,1,0,
6,2195555,"@117627 @GloCare, there is no network from on the  23rd  October 2017 till this moment at IMEKO local government Ogun state of Nigeria. Kindly help out.","@642392 @117627 We apologize.Kindly provide your number, device type, exact location and error response for a quick check . Thank you. ET.",Thu Nov 09 20:18:12 +0000 2017,Fri Nov 10 00:37:21 +0000 2017,1,False,1,False,152,26,long,5,0,
7,2387348,@GloCare My Internet poor lately and I like to know my prepaid plan am currently on.,"@687940 Hello Jaheim,Kindly dial #100# to know your present package .EE",Tue Nov 14 08:50:08 +0000 2017,Tue Nov 14 10:47:08 +0000 2017,1,False,1,False,84,16,medium_short,1,0,
8,2214962,@117627 @GloCare Thanks.. Good morning,@647234 Thank you for the feedback. UO,Mon Nov 06 07:22:50 +0000 2017,Mon Nov 06 07:56:39 +0000 2017,1,False,1,False,38,5,short,11,2,
9,107444,@GloCare Good evening when am browsing with my glo line its very slow I don't know what is wrong,"@139865 Good morning Jay. May we have your cellphone number, location, landmark, device name, model, APN, username and password? FA",Fri Nov 24 20:00:07 +0000 2017,Sat Nov 25 07:58:37 +0000 2017,1,False,1,False,96,19,medium_short,11,0,
10,1123754,@GloCare @117627 The internet is still not connecting,"@206799 @117627 Hello Ademola, may we know the current data connection status at your location?  TT",Tue Oct 24 21:25:19 +0000 2017,Wed Oct 25 07:03:41 +0000 2017,1,False,1,False,53,8,short,10,0,
11,2391727,"@GloCare .....4 d last 2 weeks we have noticed that the network went off 10pm and comes back 8am in d morning, @ Igbogila Yew north, Ogun st",@688831 We apologize. We are aware of the issue and the network engineers are working to resolve it. Kindly bear with us. EE,Tue Nov 14 08:22:57 +0000 2017,Tue Nov 14 10:11:02 +0000 2017,1,False,1,False,140,28,long,5,0,
12,2628682,@GloCare Thank you for your prompt response,@742416 You're welcome. CA,Fri Nov 17 17:07:17 +0000 2017,Fri Nov 17 17:09:45 +0000 2017,1,False,1,False,43,7,short,7,0,
13,645796,@117627 @648034 Dear @117627 @GloCare kindly cancel the auto renewal sub on my line,@783874 @117627 @648034 Morning. Please send CANCEL to 127 while the plan is active to stop data auto renewal service. Thank you.  TT,Wed Nov 22 06:29:09 +0000 2017,Wed Nov 22 06:35:37 +0000 2017,1,False,1,False,83,14,medium_short,2,0,
14,2828187,"@787682 @GloCare But the glo network is terrible at my ends here, and efforts to get it rectified has proved abortive. So @118424 is a fantastic alternative. @5566 has lost my customership long ago as far data is concerned.","@621830 we apologize, may we know the exact challenge experienced sir? OO",Mon Nov 27 09:28:11 +0000 2017,Mon Nov 27 10:58:17 +0000 2017,1,False,1,False,223,39,long,5,1,
15,593198,"@glocare, I borrowed credit from you guys and now you have refused to take it back after recharging.. My number 08077658049. Please kindly remove it.",@260430 Hello  Olumide. The borrowed credit has now been recovered. Stay Unlimited!  TT,Sun Dec 03 16:53:51 +0000 2017,Sun Dec 03 16:59:06 +0000 2017,1,False,1,False,149,25,long,8,0,
16,2679698,"@GloCare.Pls,I will like to cancel data renewal now,how do I go about it?",@753981 Please send CANCEL to 127 whilst the plan is still active. Thank you. UO.,Tue Oct 31 14:45:05 +0000 2017,Tue Oct 31 15:12:59 +0000 2017,1,False,1,False,73,13,medium_short,9,0,
17,2345075,@GloCare . I misplaced my glo sim but luckily I found it back but it was already deactivated.... please help me,"@678141 To replace/retrieve your SIM, you need to visit any Gloworld/Glo zone outlet with a valid means of identification, at least N100 and the sim pack,with 5 frequently dialed numbers.",Mon Nov 13 14:21:49 +0000 2017,Mon Nov 13 16:08:17 +0000 2017,3,True,3,True,111,21,medium_long,4,5,
18,202258,@GloCare is there an app apart from Glo cafe that one can use to load a recharge card for iPad Air 2?,"@161617 Good morning, we don't have another App apart from GloCafe. However, you can log on to https://t.co/QtHZF68dka. SO",Tue Oct 03 08:49:27 +0000 2017,Tue Oct 03 09:07:07 +0000 2017,1,False,1,False,101,22,medium_short,0,0,
19,148502,@117627 @GloCare I beg you guys please I can't browse I have 3Gigabyte this is so unfair I can't do my work bro,"@638599 @117627 We apologize.Kindly provide your number, device type, exact location and error response for a quick check . Thank you. AP",Thu Nov 09 14:03:42 +0000 2017,Thu Nov 09 15:23:19 +0000 2017,1,False,1,False,111,23,medium_long,2,0,
20,228212,@GloCare Good evening...,"@170403 Hello Yukandie, how may we help you? UO",Sat Nov 04 20:50:43 +0000 2017,Sun Nov 05 06:54:01 +0000 2017,1,False,1,False,24,3,short,11,2,
21,2933854,"@811252 @GloCare I want to opt out of it as well...  
And what is the problem with the network?? 
All I get is apologies no compensation for the description caused by your network problems affected my business and personal life... And customer service agents need commons sense not guidelines","@648039 @811252 Morning, kindly migrate to another package to opt out of Jumbo package. View available packages at the link:  https://t.co/bVzBGOevhb  TT",Wed Nov 29 12:37:51 +0000 2017,Wed Nov 29 13:12:07 +0000 2017,1,False,1,False,292,49,long,5,1,
22,209824,"@GloCare I have bonus unlocked and available for use: Voice: N960.80; Data: 105MB. When am I entitle to use the bonus and is it for online calls only? ?? Please, revert back to me?  Thanks.  07058616007.","@165647 You are on Glo Jumbo from which you got the bonus when you recharged. The bonus is for SMS, Browse and calls to Glo customers. And you can use it anytime   GA",Sat Nov 18 22:27:24 +0000 2017,Sun Nov 19 01:06:21 +0000 2017,1,False,1,False,203,36,long,6,1,
23,1371024,@GloCare I activated 1k data plan and was credited with 1.6GB as against 4GB. y? 08059867759,@439143 Good afternoon. You were given 4GB not 1.6GB. Kindly check your data balance again. FA,Sat Nov 25 09:43:33 +0000 2017,Sat Nov 25 12:29:30 +0000 2017,1,False,1,False,92,16,medium_short,6,0,
24,618164,@GloCare my number is 09053588233 kindly reactivate,"@265502 The SIM pack or other evidence of direct purchase/ownership of the SIM must be provided and where it is unavailable, an affidavit attesting to the ownership and loss of the SIM must be provided.​ ET.",Wed Nov 22 13:09:06 +0000 2017,Wed Nov 22 14:27:03 +0000 2017,2,True,2,True,51,7,short,8,5,
25,2172648,"@GloCare @117627 @117626 @117626 this is an official complain, take it up, you have a mandate to protect Nigerians against these hoards of thieves.","@165597 @117627 @117626 Afternoon,the issue has been escalated to the unit in charge and It will be resolved soon. AP",Thu Nov 09 10:23:12 +0000 2017,Thu Nov 09 13:57:06 +0000 2017,1,False,1,False,147,24,long,10,0,
26,424185,@GloCare Thank you,@215971 You are welcome. Stay Unlimited!  TT,Tue Oct 10 14:09:17 +0000 2017,Tue Oct 10 14:23:23 +0000 2017,1,False,9,True,18,3,short,7,4,
27,493156,"@232561 @117627 @GloCare That Was How I Hoped When N505 Was Down To Zero Naira... They've Started Again Today. I'm Not Hoping Again

I Was Even Shouting They Should Refund Me But Now They Can Keep The PRevious Money.. They Should Just Stop This Unnecessary Deduction Abeg!

@GloCare @117627 Is Beg I Beg https://t.co/2O7Lz0sSFr","@232560 @232561 @117627 Evening,  kindly provide your number for a quick check. AP",Fri Dec 01 08:53:17 +0000 2017,Fri Dec 01 16:28:06 +0000 2017,1,False,1,False,327,54,long,2,1,
28,117814,@GloCare what is the code to confirm glo number from the phone? Kindly revert. Tnx,"@142129 Hello Adeyemi, Kindly dial 777*# or dial 124, press 4 to confirm your phone number. Thank you. AA",Thu Nov 23 20:45:19 +0000 2017,Thu Nov 23 21:53:06 +0000 2017,1,False,1,False,82,15,medium_short,8,0,
29,297212,"@GloCare
1. u gave me bonus data which I can't use
2. u deducted all my credits without reason.","@186799 Good afternoon, please provide affected number for clarification. Thank you. SO",Fri Oct 06 14:40:57 +0000 2017,Fri Oct 06 15:07:32 +0000 2017,1,False,1,False,95,19,medium_short,6,0,
30,1479669,@GloCare please how do I utilise my Jumbo sim bonuses? I have as much as 5k but I can't see it on  #122*40#,"@436228 Hello Charles, please dial #122*23# to check the Jumbo bonus. The bonus is for Glo to Glo calls.  TT",Thu Nov 02 19:38:23 +0000 2017,Fri Nov 03 06:23:03 +0000 2017,1,False,1,False,107,23,medium_long,4,0,
31,2391742,@GloCare @117627 No wahala 😃,"@681851 @117627 Sincere apologies Babyoku, kindly restart your device and dial code again. You will be able to subscribe for your preferred plan. GA",Tue Nov 14 09:46:30 +0000 2017,Tue Nov 14 15:09:37 +0000 2017,1,False,1,False,28,5,short,10,2,
32,320790,"@GloCare Done so already, no feedback yet. 
My device is a 4g device pls",@192430 Please note the Glo 4G network is compatible with device having band 28(700) frequency only  now. TT,Sat Oct 07 13:03:03 +0000 2017,Sat Oct 07 13:12:59 +0000 2017,1,False,1,False,72,14,medium_short,1,0,
33,1813024,"@GloCare Good morning,  Pls help to check ur mast or Sth.  No network here for some days now in Egbeda. 08056772268. Can't call or browse.","@544658 Hello Anavenwu, kindly provide your number, error message, exact location with landmarks, issue duration and device type for assistance. TT",Sun Oct 15 09:42:46 +0000 2017,Sun Oct 15 09:56:23 +0000 2017,1,False,1,False,138,25,long,11,0,
34,2651087,@GloCare @117627 @80814 Tanx,@165632 @117627 @80814 You are welcome. DA,Sun Nov 19 10:37:41 +0000 2017,Sun Nov 19 10:41:53 +0000 2017,1,False,1,False,28,4,short,10,2,
35,231080,"@GloCare hi, I want to port from MTN to GLO network what and what would I need? Reply asap","@171018 Good morning, you're welcome to Glo Mobile. Please visit any Glo outlet with your sim/I.d card for sim registration. Porting is free. SO",Thu Oct 05 09:08:26 +0000 2017,Thu Oct 05 09:11:35 +0000 2017,3,True,3,True,90,19,medium_short,5,5,
36,1266242,"@GloCare No any information about your poor services, no apology, don't take us for fool, we know the right thing to do","@416493 Afternoon Ajala, we apologize for the experience. TT",Thu Oct 26 07:15:39 +0000 2017,Thu Oct 26 12:22:53 +0000 2017,2,True,2,True,119,22,medium_long,1,5,
37,209802,@glocare Yes I have done that several times and no avail. Please do something before I break this sim 08077560298,@165646 Kindly supply your exact location and current device type so we can escalate.^GM,Wed Oct 04 03:16:10 +0000 2017,Wed Oct 04 03:21:14 +0000 2017,1,False,1,False,113,20,medium_long,4,0,
38,2345101,@GloCare Rumuigbo Port Harcourt,"@403376 Kindly provide your mobile number, error response, exact location with landmarks, LGA , alternate mobile number, issue duration and device type for assistance. DA",Mon Nov 13 15:03:40 +0000 2017,Mon Nov 13 16:19:37 +0000 2017,1,False,1,False,31,4,short,1,2,
39,2121874,"@117627 @GloCare Good evening.. Am a GLO customer from Jeddo, Okpe local government Area, Delta state .  I am having big challenge with your network for the pass 4months.  In every month I will not have network to browse for 10 days and I subscribe every month.",@642391 @117627 Good evening. We apologize for any inconvenience you may have experienced.,Thu Nov 09 21:08:56 +0000 2017,Fri Nov 10 00:48:07 +0000 2017,2,True,2,True,261,47,long,5,6,
40,2075046,@GloCare Goodmorning 07051617198,@492293 necessary assistance. Thank you. FA,Thu Oct 19 06:19:14 +0000 2017,Thu Oct 19 08:26:25 +0000 2017,2,True,2,True,32,3,short,1,7,
41,1422188,@GloCare Thanks,@161788 You are welcome. Stay Unlimited!  TT,Thu Nov 02 10:36:06 +0000 2017,Thu Nov 02 11:13:26 +0000 2017,1,False,14,True,15,2,short,1,4,
42,1069655,@GloCare 08053524734,@372397 The issue reported has been escalated for resolution. Kindly be patient.  TT,Fri Nov 03 10:36:17 +0000 2017,Fri Nov 03 11:52:08 +0000 2017,2,True,2,True,20,2,short,3,7,
43,1207515,@GloCare my number is 0805 820 6931,@403375 Call 123 and follow the prompt to recharge. If issue persist provide error response and recharge card serial number.  TT,Tue Oct 24 22:08:10 +0000 2017,Wed Oct 25 09:18:35 +0000 2017,1,False,1,False,35,7,short,8,2,
44,2218200,@GloCare 07057895696 this is my number,"@208125 If you notices.the calls you have made so far ,to Glo numbers,were not charged from your main credit.",Fri Nov 10 10:00:56 +0000 2017,Fri Nov 10 11:10:03 +0000 2017,3,True,3,True,38,6,short,8,7,
45,2663392,@GloCare I want to ubshare my data plan,"@750567 Hello Oyetunji,  dial *127*02*[friend’s number]# OR Send “Remove [friend’s number]” to 127. SO",Tue Oct 31 03:21:07 +0000 2017,Tue Oct 31 06:22:48 +0000 2017,1,False,1,False,39,8,short,6,2,
46,209504,"@GloCare I was sent a message day I Ave bonus of double recharge on my line which ll expire on 17th of dis month, but unable to c nor use it","@165596 Hello Ibrahim, Kindly provide your phone number for checks Thank you for your patience. UO.",Wed Oct 04 19:04:10 +0000 2017,Wed Oct 04 19:30:35 +0000 2017,1,False,2,True,140,31,long,0,2,
47,1873948,@GloCare 08113545232,"@559467 Folabi, your tariff plan is Glo Jollific8 and you don't enjoy 200% on E-top. Visit https://t.co/qFQIx1NOAk for more information. FA",Fri Oct 20 08:20:08 +0000 2017,Fri Oct 20 08:35:11 +0000 2017,1,False,1,False,20,2,short,3,2,
48,621086,"@GloCare I think I can't take this anymore, have been complaining on the same issue for over a month, u guys keep deducting #50 from my account, which has even been happening months before I made the first complain, the annoying part is that it's a weekly basis.",@267406 We empathize complaint has been forwarded for resolution. ET.,Wed Nov 22 15:40:53 +0000 2017,Wed Nov 22 16:43:02 +0000 2017,1,False,1,False,262,48,long,1,1,
49,2159673,@GloCare Bonus Bal:N196000. Balance is LOCKED &amp; available for use on RECHARGE. RECHARGE with N100 or more to unlock bonus credit.  This what was sent to me when I dial #122*23#,"@139865 A check on your line shows you used part of the bonus yesterday,for browsing. CA",Fri Nov 10 11:59:21 +0000 2017,Fri Nov 10 12:15:36 +0000 2017,2,True,2,True,180,31,long,0,6,
50,383217,@GloCare Thanks,@206800 You are welcome. Stay Unlimited!,Mon Oct 09 14:13:01 +0000 2017,Mon Oct 09 14:36:12 +0000 2017,1,False,14,True,15,2,short,1,4,
51,1571601,"@GloCare Wow! Ok but i was on this 12k/sec tarriff before, does it still apply? Good morning",@484550 No it does not apply you need to opt out from the jumbo plan to get back to the previous plan. UO.,Sun Nov 05 06:21:41 +0000 2017,Sun Nov 05 08:16:04 +0000 2017,1,False,1,False,92,17,medium_short,11,0,
52,2691213,@GloCare I am not on what?,"@755310 You loaded the 1,000 naira card while you were on jumbo package. You have lost  all the benefits on the Jumbo plan because you opted in to glo bumpa. AP",Sun Nov 19 19:38:17 +0000 2017,Sun Nov 19 22:20:23 +0000 2017,1,False,1,False,26,6,short,3,2,
53,2820561,"@GloCare I have been calling you guys all morning, you're not answering. Pls remove me from various sms packages. 08055007605","@786144 Hello Mowoe, we apologize. Issue has been escalated to the unit in charge for assistance. SO",Mon Nov 27 06:07:04 +0000 2017,Mon Nov 27 06:36:54 +0000 2017,1,False,1,False,125,20,medium_long,9,0,
54,1478757,@GloCare this is notification I got.  Please I want out. https://t.co/Y92JJBipRJ,@459387 The notification should stop once you recharge. Stay Unlimited!   TT,Thu Nov 02 18:32:50 +0000 2017,Fri Nov 03 06:04:06 +0000 2017,2,True,2,True,80,11,medium_short,1,5,
55,1621582,@GloCare pls see DM ASAP,"@496878 Hello, your DM has been responded to.  TT",Tue Oct 17 11:47:25 +0000 2017,Tue Oct 17 11:49:35 +0000 2017,1,False,1,False,24,5,short,9,2,
56,575878,@GloCare Up till now no resolution,"@244987 Hello Yomi, Please send STOP to  35182 to deactivate the VAS on the line.  TT",Sun Dec 03 17:24:19 +0000 2017,Sun Dec 03 17:33:50 +0000 2017,1,False,1,False,34,6,short,1,2,
57,2121875,@117627 @GloCare I can't install the app on my iPad 4 is asking for OTP and iPad don't receive SMS,"@743798 @117627 We kindly advise you put sim on an Android device,use the hot spot connection to download it. CA",Fri Nov 17 19:08:55 +0000 2017,Fri Nov 17 19:30:19 +0000 2017,1,False,1,False,98,20,medium_short,2,0,
58,1954043,"@GloCare I use to load #1000 through my account every two weeks and no bonus has been awarded to me, and my brother use 2 load #1k with bnus","@580062 Hello Bolaji, recharge bonus is given depending on you package. Dial #100# to check both lines' packages. Revert for more assistance.  TT",Sun Oct 29 17:04:38 +0000 2017,Sun Oct 29 17:36:51 +0000 2017,1,False,1,False,140,29,long,0,0,
59,2156641,@GloCare 08076274064. It's a new sim domiciled on my Modem.,"@618470 Hello Bube, To use it , Kindly swap your sim into your phone .EE",Wed Nov 08 23:49:48 +0000 2017,Thu Nov 09 00:40:12 +0000 2017,1,False,1,False,59,10,short,4,0,
60,2724766,@GloCare 08051489535,@764211 Please save the setting sent to your device then launch your browser to activate the plan. Stay Unlimited!  TT,Mon Nov 20 12:27:01 +0000 2017,Mon Nov 20 12:31:09 +0000 2017,1,False,1,False,20,2,short,3,2,
61,2733310,@glocare No am at Ikotun do you have office at Ikotun?,"@356820 We have at Conoil Mega Station, along Apapa Oshodi Expressway, Cele,and101 Okota Road, beside Tantalizers, Lagos. CA",Mon Nov 20 15:20:17 +0000 2017,Mon Nov 20 15:37:32 +0000 2017,1,False,1,False,54,11,short,1,0,
62,1613032,"@117627 @53686 @GloCare, Don't tell me to contact ur customer care, I've done so countlessly. I have provided my #. Just resolve it.","@494922 @117627 @53686 We will however try to connect the GLO- Ghana office to assist. 
We apologize for any inconvenience you may have experienced.  UO.",Sun Nov 05 10:25:03 +0000 2017,Sun Nov 05 11:36:53 +0000 2017,2,True,2,True,132,23,medium_long,1,5,
63,1439738,"@GloCare OK.. 08112822345, gionee a1 lite, gwagwalada Abuja, unable to connect",@454113 Kindly send 4G to 400 to check the device compatibility to Glo 4G network. Thank you.  TT,Thu Nov 02 10:37:51 +0000 2017,Thu Nov 02 11:14:05 +0000 2017,2,True,2,True,78,11,medium_short,1,5,
64,737722,"@GloCare @296441 08051022745
Just registered but not activated","@296442 @296441 Hello Mark, may we know the error response you get on the line?  TT",Wed Oct 11 14:56:32 +0000 2017,Wed Oct 11 15:13:03 +0000 2017,2,True,2,True,62,8,medium_short,1,5,
65,1516699,@GloCare 08052202197,@471883 Kindly make sure the line has sufficient credit for the access fee deduction to enjoy 11k/sec and 15k/sec tariff.  TT,Sat Nov 04 06:21:53 +0000 2017,Sat Nov 04 07:15:40 +0000 2017,2,True,2,True,20,2,short,3,7,
66,1855771,@GloCare Good morning... Please I can't download for the past two days now..browsing is slower than snail but downloading speed is terrible.,@401880 username and password? FA,Thu Oct 19 06:36:04 +0000 2017,Thu Oct 19 08:37:39 +0000 2017,2,True,2,True,140,22,long,11,5,
67,2928521,"@GloCare I complained about ur debiting of 100 naira this  Morning una no refund am, only to check balance this evening to see you guys have debited my acct 20naira again without me  making calls or anything you guys had better get your act together alternatives plenty for market o",@810172 Services removed. ^GM,Wed Nov 29 19:39:36 +0000 2017,Wed Nov 29 22:20:11 +0000 2017,1,False,1,False,282,50,long,0,1,
68,1210518,@GloCare hello,"@404149 Hello Symiee, how may we help you?  TT",Wed Oct 25 06:01:54 +0000 2017,Wed Oct 25 11:36:01 +0000 2017,1,False,3,True,14,2,short,1,4,
69,2159671,@GloCare My mobile number 08078860057,@139865 We sincerely apologize.We are unable to assist you at the moment reason being that we are carrying out an upgrade.Kindly check back later.AP,Thu Nov 09 18:02:24 +0000 2017,Thu Nov 09 18:18:03 +0000 2017,1,False,1,False,37,5,short,8,2,
70,2737234,@GloCare 07052475595,"@766992 We apologize,may we know the last time your money was deducted? AP",Mon Nov 20 20:05:22 +0000 2017,Mon Nov 20 23:50:10 +0000 2017,1,False,1,False,20,2,short,3,2,
71,672431,Barely a week using GLO and you people are frustrating me. Why can’t I subscribe for data? @GloCare,@280420 We sincerely apologize for the inconvenience. We are currently carrying out an upgrade.We implore you to please bear with us as soon we would be able to assist you. Kindly try again later. GA,Thu Nov 23 06:18:42 +0000 2017,Thu Nov 23 09:06:52 +0000 2017,2,True,2,True,99,18,medium_short,6,5,
72,2073292,@GloCare I wish to welcome back one of my CUG lines with a missing sim pack. I'll need help as regards to that.,"@613208 Good Morning. an affidavit must be provided, copy of agreement form, invoice of last 3months, written request/introduction from corporate.LP",Mon Oct 09 21:27:50 +0000 2017,Tue Oct 10 02:36:12 +0000 2017,2,True,2,True,111,23,medium_long,4,5,
73,1388331,"SOS @117627 @GloCare ,you promised to work on our issue in Ado-odo/otta but nothing has been done for two good weeks,we cant access 3G https://t.co/cdNAM5TJtW",@139866 We apologize for any inconvenience you may have experienced. Thank you. UO.,Sat Oct 28 07:05:01 +0000 2017,Sat Oct 28 09:44:33 +0000 2017,2,True,2,True,158,25,long,2,5,
74,676549,@GloCare answer me na,@186581 We sincerely apologize for the inconvenience. We are currently carrying out an upgrade.We implore you to please bear with us as soon we would be able to assist you. Kindly try again later. GA,Thu Nov 23 09:32:36 +0000 2017,Thu Nov 23 11:42:58 +0000 2017,1,False,2,True,21,4,short,1,4,
75,2817924,@GloCare @117627 Please do same for 08159039124,"@165608 @117627 Hello Uche, issue has been escalated to the unit in charge for assistance. Thank you. SO",Mon Nov 27 04:11:04 +0000 2017,Mon Nov 27 06:28:11 +0000 2017,1,False,1,False,47,7,short,10,0,
76,734445,Why is 2G instead of 3G network working on my tab? Snail speed. Annoying. @GloCare,"@134709 Good morning. We apologize for the inconveniences. May we have your cellphone number, location, landmark, device name, model, APN, username and password? FA",Fri Nov 24 23:15:31 +0000 2017,Sat Nov 25 08:19:19 +0000 2017,1,False,1,False,82,15,medium_short,5,0,
77,296360,@GloCare I had previously paid twice for credit I didn't borrow.  It seems  deliberate by @GloCare to send such messages.,"@186582 Hello Nigo, you have been deactivated from the auto borrow service. Please note you have uncleared loan of #500. Thank you . UO",Tue Oct 10 03:40:10 +0000 2017,Tue Oct 10 10:57:04 +0000 2017,2,True,2,True,121,20,medium_long,1,5,
78,1516699,@GloCare 08052202197,"@471883 Morning Presley, the line is on Gbam Plus package. Dial #100# to check. N20 is deducted when Access charge is not deducted. TT",Sat Nov 04 06:21:53 +0000 2017,Sat Nov 04 07:07:35 +0000 2017,2,True,2,True,20,2,short,3,7,
79,686051,@glocare @117627 please am finding it difficult to do data recharge.kindly assist out,@283776 @117627 We sincerely apologize for the inconvenience. We are currently carrying out an upgrade.We implore you to please bear with us as soon we would be able to assist you. Kindly try again later. GA,Thu Nov 23 10:53:04 +0000 2017,Thu Nov 23 12:30:32 +0000 2017,1,False,1,False,85,13,medium_short,10,0,
80,771302,"@GloCare good morning..
Please i need you to stop these numbers sending messages to me 6611/55357 deducting my money.08157298944",@304209 Good morning Seun. Done as requested. ^GM,Wed Oct 11 23:40:16 +0000 2017,Wed Oct 11 23:41:49 +0000 2017,1,False,1,False,128,19,medium_long,11,0,
81,78672,@GloCare Hi I want to activate the 55GB for 8k but can't find it on your *777# Menu kindly provide a code and also code to deactivate auto renewal before I load. I have the cards in hand waiting. Thanks,"@133549 To subscribe, kindly see link for details https://t.co/GvxBuIxUZL. kindly send CANCEL to 127 to cancel the auto renewal. ET.",Thu Nov 30 10:37:41 +0000 2017,Thu Nov 30 12:33:11 +0000 2017,1,False,1,False,202,40,long,0,1,
82,507027,@glocare expecting your response,"@233509 Hello Folashade, we are now following you. Please send DM with issue details for resolution assistance.  TT",Fri Dec 01 19:21:00 +0000 2017,Fri Dec 01 21:37:22 +0000 2017,1,False,1,False,32,4,short,1,2,
83,2218200,@GloCare 07057895696 this is my number,"@208125 You currently have N9464 bonus for calling Glo numbers(only),sms and browsing.",Fri Nov 10 10:00:56 +0000 2017,Fri Nov 10 11:09:45 +0000 2017,3,True,3,True,38,6,short,8,7,
84,2724780,"@117627 is a #fraud, I insist. I got this message, today 20/11/2017 at 12.41pm 
""Welcome! You've subscribed to Zomobie! Price: N20/day. Opt out: text STOPZO to 55326 (N0). Try service here: https://t.co/KgWgJbEGsw"" #FraudulentGlo @117626 @GloCare @120330 @562660","@264735 @117627 Hello Mimiola, kindly provide your mobile number for checks and assistance.  TT",Mon Nov 20 12:12:43 +0000 2017,Mon Nov 20 12:23:24 +0000 2017,1,False,1,False,262,37,long,1,1,
85,2159622,"@GloCare Thank you. Please, also help checkout the 2000naira voice bonus and 210mb bonus that I have not been able to use 08152718593. Thank you.","@634313 You can not call mtn numbers and numbers in your friends and family package with the bonus,bonus is meant for glo to glo calls only. AP",Thu Nov 09 09:38:43 +0000 2017,Thu Nov 09 13:16:18 +0000 2017,2,True,2,True,145,25,long,7,5,
86,567428,"@GloCare Well I texted STÒP to 2442, and in response 100 of the 200 Naira I loaded this morning was deducted. For what, I don't even know. Please return my 100 Naira. My guess that you'll make unwarranted deductions from my balance was right after all","@253080 Hello, kindly send STOPImage to 6611 to deactivate the VAS on the line.  Thank you. TT",Sun Dec 03 11:15:28 +0000 2017,Sun Dec 03 13:26:47 +0000 2017,1,False,1,False,251,46,long,0,1,
87,832315,GOOD EVENING PLEASE I WANT YOU TO ACTIVATE GLOME2U ON MY SIM @GloCare,"@318230 You must change password from default 00000 
Dial *132*Old password*New password*New Password#
New password is your desired 5-digit number",Thu Oct 12 22:38:24 +0000 2017,Fri Oct 13 04:55:28 +0000 2017,2,True,2,True,69,13,medium_short,11,5,
88,1516693,@GloCare you people are mad. No network since yesterday.,@449835 Good evening. We offer our apologies about this OD. May we know the location where this issue is being experienced? GM,Fri Nov 03 17:59:32 +0000 2017,Fri Nov 03 18:41:14 +0000 2017,1,False,1,False,56,9,short,5,0,
89,2556923,@GloCare still waiting fa,@725933 kindly provide your number for a quick check.EE,Thu Nov 16 19:44:10 +0000 2017,Thu Nov 16 23:11:08 +0000 2017,1,False,1,False,25,4,short,1,2,
90,1885073,"@GloCare been trying to load card since yesterday evening till this morning but to no avail. Even my acct balance, I cant check too. Why???","@562453 Hello Kaodisi, we apologize for the inconveniences experienced.The issue has been resolved. Please restart your device and try again. SO",Mon Oct 23 07:10:32 +0000 2017,Mon Oct 23 10:05:32 +0000 2017,1,False,1,False,139,25,long,0,0,
91,297215,@117627 @GloCare 08054743650,"@186800 @117627 Volume used 5.31 GB(70.8%), limit 7.50 GB. Usage is based on the activities done on the device. Thank you. SO",Fri Oct 06 18:15:01 +0000 2017,Fri Oct 06 18:48:41 +0000 2017,1,False,1,False,28,3,short,2,2,
92,136624,"@GloCare No,I don't think sooo.....but if it's the jumbo tariff plan.Pls what can i do","@146803 Hello Michael, kindly be explicit for assistance?  TT",Fri Nov 24 12:41:39 +0000 2017,Fri Nov 24 14:07:04 +0000 2017,1,False,1,False,86,15,medium_short,0,0,
93,350068,@GloCare I subscribed for my phone 2 days but suddenly  yesterday I saw a message notifying me that av used up my data 08110338821,"@199284 Hello Mustapha, record shows the data was exhausted on the 6th of Oct.  TT",Sun Oct 08 08:41:42 +0000 2017,Sun Oct 08 09:33:20 +0000 2017,1,False,1,False,130,24,medium_long,6,0,
94,289639,@GloCare hi. Please I’d like to DM you. Can you follow or open your DM so that it’s possible? Thank you.,"@185017 Hello Fatimo, please DM the info. Thank you. SO",Tue Oct 17 15:06:25 +0000 2017,Tue Oct 17 16:15:18 +0000 2017,1,False,1,False,104,21,medium_long,1,0,
95,422636,"@GloCare gudpm to u, pls Ive been trying to mk some transactions wit my line using d ussd but its saying request failed.wats d problem?",@215652 We apologize for any inconvenience you may have experienced. Please describe the exact difficulty. Thank you. UO.,Mon Oct 09 20:21:30 +0000 2017,Tue Oct 10 09:59:36 +0000 2017,1,False,1,False,135,25,medium_long,0,0,
96,2651078,@117627 @GloCare Thank you GA,@736455 @117627 You are welcome. DA,Sun Nov 19 11:58:38 +0000 2017,Sun Nov 19 12:11:48 +0000 2017,1,False,1,False,29,5,short,7,2,
97,209876,"@GloCare How many times will I provide my phone number! 
08153628600
This is the third time I'm providing my phone number 
Help me rectify it now","@165650 We apologize, 
The complaint has been escalated. Please send STOP to 2442 and DEREG to 7728. Thank you for your patience. UO",Sat Sep 30 09:08:22 +0000 2017,Sat Sep 30 12:42:42 +0000 2017,1,False,1,False,145,26,long,8,0,
98,972994,@GloCare Please check your DM for my number. Thanks!,@350760 Service has been canceled. Thank you. SO,Sun Oct 22 07:59:21 +0000 2017,Sun Oct 22 08:04:01 +0000 2017,1,False,1,False,52,9,short,8,0,
99,2553578,@GloCare 08153343417,"@146230 Hello Muhammad, the Jumbo bonus is for Glo to Glo calls.  TT",Tue Nov 21 08:15:24 +0000 2017,Tue Nov 21 08:50:28 +0000 2017,2,True,2,True,20,2,short,3,7,
100,1120056,@GloCare @117627  https://t.co/dnbaSpfxdh,"@349728 @117627 Good afternoon, we apologize about it. Issue has been escalated to the unit in charge for assistance. A message will be sent to you. SO",Sun Oct 15 13:02:04 +0000 2017,Sun Oct 15 14:12:00 +0000 2017,1,False,1,False,41,3,short,10,0,
101,471927,"@GloCare No, I didn't send any message to 2442. But I have been doing USSD mobile banking successfully until about one week ago when it started giving me ""connection problem or invalid MMI code"" error, and with each attempt N5 service charge is deducted. My phone number is 08057017631.","@227390 Hello Ahamdi, we empathize. Please contact your bank for assistance on the banking app. Thank you. SO",Fri Dec 01 09:06:57 +0000 2017,Fri Dec 01 16:29:03 +0000 2017,2,True,2,True,286,49,long,1,6,
102,1056457,@GloCare 08078567390,"@367405 Good afternoon, line not credited. Please contact your bank for assistance. Thank you. SO",Mon Oct 23 09:51:28 +0000 2017,Mon Oct 23 11:18:30 +0000 2017,1,False,2,True,20,2,short,3,4,
103,1852718,@GloCare @117626 Your internet network is very poor that's all. Its an issue experienced by your subscribers,"@554448 APN, username and password? FA",Thu Oct 19 08:46:28 +0000 2017,Thu Oct 19 09:09:31 +0000 2017,2,True,2,True,108,17,medium_long,5,5,
104,2390223,Since u guys refused to rectify ur network problem I've switched to another service provider n u can go get ur sim card in d trash bin.no forget d unused data too @GloCare i dash una,"@265124 Hello Emmanuel, we apologize. We are aware of the issue and the network engineers are working to resolve it. Kindly bear with us.EE",Tue Nov 14 07:10:24 +0000 2017,Tue Nov 14 08:59:51 +0000 2017,1,False,1,False,182,36,long,5,1,
105,684298,@GloCare Good morning,"@281380 Good day, how may we help you? GA",Thu Nov 23 09:27:49 +0000 2017,Thu Nov 23 11:42:08 +0000 2017,1,False,2,True,21,3,short,11,4,
106,400760,@GloCare Any findings?,@210791 Please provide the requested details in this chat thread.  TT,Mon Oct 09 18:45:34 +0000 2017,Mon Oct 09 19:17:54 +0000 2017,1,False,1,False,22,3,short,3,2,
107,1334885,@117627 @GloCare is joining the #GloJumboSim by dialling *224# means migrating away from one's glo package to another?,@431397 Yes. UO,Fri Oct 27 07:06:42 +0000 2017,Fri Oct 27 13:19:02 +0000 2017,1,False,1,False,118,18,medium_long,2,0,
108,1909576,@GloCare Good morning. I sent the message. Didn't get any reply. My device is a Samsung Galaxy Tab A. What can I do?,@163791 Good morning. We see here that Samsung tab A 9.7 and 10.1 models do not support our band 28. ^GM,Fri Oct 20 01:20:00 +0000 2017,Fri Oct 20 01:49:44 +0000 2017,1,False,1,False,116,23,medium_long,11,0,
109,684312,"@GloCare @117626 no 09059204435, I load N1,000 yesterday to auto renew my data when it finish, but the amount has been secretly deducted to N760 this money with any call,message or any subscription on the  from the number, can u explain why?","@283313 Sincere apologies, you have active value added service which attracts daily weekly and monthly charges on your line. GA",Thu Nov 23 10:08:07 +0000 2017,Thu Nov 23 11:29:38 +0000 2017,1,False,1,False,241,42,long,6,1,
110,1884702,@GloCare i can't call with my sim card but I can receive calls please solve the problem for me Here's my number 08073354676,"@562339 Good morning, we apologize for the inconveniences experienced.The issue is being worked on, will be resolved shortly.Please bear with us. SO",Sun Oct 22 19:29:46 +0000 2017,Mon Oct 23 07:28:18 +0000 2017,1,False,1,False,123,23,medium_long,4,0,
111,233410,@GloCare  yet to receive my N100. Pls refund it!!!,"@165602 Good morning, we apologize for the delay. Issue is being worked on. Please exercise patience. Thank you. SO",Thu Oct 05 10:19:01 +0000 2017,Thu Oct 05 10:30:35 +0000 2017,1,False,1,False,50,9,short,9,0,
112,2883666,"@GloCare airtime is still being deducted from my line, pls I want every deduction reverse because I have not activated any thing that will warrant any deduction if not, I will take this to another level,08055533850, thanks.","@770669 we apologize, we have notified the appropriate team and it will be rectified ~ OO",Mon Nov 27 17:23:49 +0000 2017,Tue Nov 28 09:49:18 +0000 2017,1,False,1,False,223,37,long,0,1,
113,2132564,"Glo network has learnt another thing here in Orlu, once it's 7:30pm they would switch off our networks till the next morning.  This has been consistently going on for the past week.  @117627 @GloCare Look into this stuff now","@627523 @117627 We apologize.Kindly provide your number, device type, exact location and error response for a quick check . Thank you. AP",Wed Nov 08 19:33:42 +0000 2017,Wed Nov 08 19:35:14 +0000 2017,1,False,1,False,224,39,long,5,1,
114,2886810,@GloCare 07050847523,@153132 Removed. ^GM,Tue Nov 28 13:42:43 +0000 2017,Tue Nov 28 15:26:43 +0000 2017,1,False,1,False,20,2,short,3,2,
115,1686962,"@GloCare Unfortunately Network is down again.
This is truly unfortunate. No guarantee on glo networks!","@476124 We apologize for the inconvenience, our engineers are working on the issue. Thank you.",Thu Nov 09 21:42:05 +0000 2017,Fri Nov 10 02:44:33 +0000 2017,2,True,2,True,102,15,medium_long,5,5,
116,20404,"@GloCare 08113331360
Good Morning.","@120456 Hello Ucheodiaka, may we know the recharge code dialed? SO",Tue Oct 31 05:35:26 +0000 2017,Tue Oct 31 06:32:28 +0000 2017,1,False,1,False,34,4,short,11,2,
117,65447,"@GloCare Dear Team, no update, no better improvement, please help","@130986 We apologize for the inconvenience, our engineers are working on the issue. Thank you. ET"".",Thu Nov 30 06:19:34 +0000 2017,Thu Nov 30 07:56:41 +0000 2017,1,False,1,False,65,10,medium_short,1,0,
118,684301,@GloCare whats the meaning of this?  I have been trying to load this card since yesterday.  Fix it. https://t.co/j2sqxSj7qc,"@283316 Apologies, may we have the serial number and the code you tried to use? GA",Thu Nov 23 09:27:00 +0000 2017,Thu Nov 23 11:41:44 +0000 2017,1,False,1,False,123,19,medium_long,1,0,
119,428869,@GloCare Thank you,@217008 You are welcome. Stay Unlimited!  TT,Tue Oct 10 17:58:13 +0000 2017,Tue Oct 10 19:01:11 +0000 2017,1,False,9,True,18,3,short,7,4,
120,1114047,"@GloCare 08112062696,pls if you guys have registered me on any of your shenanigans pls kindly undo it","@382922 Good afternoon, plan already auto renewed. Please text info to 127 to confirm. Thank you. SO",Sun Oct 15 13:08:53 +0000 2017,Sun Oct 15 14:23:04 +0000 2017,1,False,1,False,101,17,medium_short,9,0,
121,1516706,@GloCare Can u pls help me delete dem? I did that several times still der,"@309895 Please dial *127*02*number# to delete,only when you have an active plan. ^GM",Fri Nov 03 17:18:06 +0000 2017,Fri Nov 03 18:19:49 +0000 2017,1,False,1,False,73,15,medium_short,9,0,
122,1891365,Hi @GloCare I'm having issues migrating to generation G tarrif plan... I need your help. Please what's the right code?,"@564004 Good morning, Geneartion G package is no longer available. Please click this link for details of available tariff plans: https://t.co/bVzBGOevhb. Thank you. SO",Sun Nov 26 07:40:40 +0000 2017,Sun Nov 26 07:59:07 +0000 2017,2,True,2,True,118,20,medium_long,0,5,
123,2941348,"@GloCare This is my mobile number 08110319657,it is phones internet browse.
Thanks for the reply.","@812712 we apologize,  may we know the exact challenge experienced? OO",Wed Nov 29 14:31:36 +0000 2017,Wed Nov 29 14:52:12 +0000 2017,1,False,1,False,97,15,medium_short,8,0,
124,874393,@GloCare 08059754310,"@327585 Hello Daisi, Due to system upgrade,  we apologize we are not be able to run a check at this time. Kindly exercise some patience. UO",Fri Oct 13 13:13:22 +0000 2017,Fri Oct 13 15:20:58 +0000 2017,1,False,1,False,20,2,short,3,2,
125,770410,@GloCare my phone is not showing the LTE network I just joined please help,"@303979 Good morning.Thank you for choosing us. Kindly supply your number,phone type and location for investigation. ^GM",Wed Oct 11 22:13:59 +0000 2017,Wed Oct 11 23:18:20 +0000 2017,1,False,1,False,74,14,medium_short,5,0,
126,2172658,@GloCare pls how much data do I get if I subscribe for 4000 data before my current one expires?,"@637148 Afternoon, you will get the 100% data volume(14Gb) plus your remaining data volume. AP",Thu Nov 09 10:23:57 +0000 2017,Thu Nov 09 14:02:41 +0000 2017,1,False,1,False,95,19,medium_short,9,0,
127,2345075,@GloCare . I misplaced my glo sim but luckily I found it back but it was already deactivated.... please help me,"@678141 Hello, Ojeaga, kindly visit our Gloworld outlet for a SIM replacement. DA",Mon Nov 13 14:21:49 +0000 2017,Mon Nov 13 16:05:54 +0000 2017,3,True,3,True,111,21,medium_long,4,5,
128,1082748,"@GloCare 0815 972 6742 disable everything, thanks","@375408 Morning Okorie, please send STOP to 2442 for full VAS DND.  TT",Sun Oct 15 06:12:10 +0000 2017,Sun Oct 15 06:43:22 +0000 2017,1,False,1,False,49,7,short,1,0,
129,381914,@GloCare I have enough credit for my data renewal but it didn't go through and I don't know why. Just got a text I'm on flesh. Urgent.,"@206562 Hello Daniel, 

We apologize for any inconvenience you may have experienced. Kindly provide your number. Thank you. UO.",Sun Oct 08 19:40:38 +0000 2017,Mon Oct 09 09:49:03 +0000 2017,1,False,1,False,134,27,medium_long,6,0,
130,549938,"@GloCare my number is 08055674454, I'm on glo jumbo sim, I still have bonus both in data airtime but unable to browse once I re-charge  glo wiil start deducting my money if I try to browse till it's finishe","@248075 However, please configure your device as thus: APN-gloflat, username/password-flat and try again. Thanks. SG",Sat Dec 02 18:14:23 +0000 2017,Sat Dec 02 18:36:22 +0000 2017,2,True,2,True,206,39,long,4,6,
131,2093016,@GloCare The network is stable now. Thank you.,@618457 You are welcome. AP,Thu Nov 09 16:43:16 +0000 2017,Thu Nov 09 16:59:13 +0000 2017,1,False,1,False,46,8,short,5,0,
132,1746653,@GloCare @117627 08057888889,"@276812 @117627 We apologize for the inconvenience,our engineers are carrying system upgrade. Kindly check back much later. Thank you.AP",Tue Nov 07 17:38:43 +0000 2017,Tue Nov 07 18:05:50 +0000 2017,1,False,1,False,28,3,short,10,2,
133,112423,"@140961 @GloCare Very nonsense network we have in the country,same with @airtel_care n d rest of them",@140960 @140961 @airtel_care We apologize. May we know what the exact issue is? AP,Thu Nov 23 11:09:42 +0000 2017,Thu Nov 23 14:27:10 +0000 2017,2,True,2,True,101,17,medium_short,5,5,
134,2905483,@GloCare  https://t.co/GO3QI6zRQp,@165640 May we know what the exact issue is? AP,Tue Nov 28 20:50:51 +0000 2017,Tue Nov 28 21:40:20 +0000 2017,1,False,1,False,33,2,short,1,2,
135,2388767,"@GloCare pls i recharged #400 on my glo line &amp; I've nt made a single call wt it bcoz I traveled 2 an area without network. Bt each day d airtime is deducted. Pls rectify &amp; refund me. My number 08153207322, Gombe town.","@688256 We apologize , Please be informed your complaint has been escalated .Thank you.EE",Tue Nov 14 06:27:39 +0000 2017,Tue Nov 14 08:09:40 +0000 2017,1,False,1,False,225,43,long,9,1,
136,254464,"@GloCare Hv actually ported to mtn since I can see their base station close to me ,08111145363,yabatech is the land mark   no 9igbobi road off oweh","@176482 Hello Tunzo, if he has ported we wont be able to work on the line. UO",Thu Oct 05 13:13:40 +0000 2017,Thu Oct 05 17:44:34 +0000 2017,1,False,1,False,147,26,long,1,0,
137,1966171,@GloCare 07055466702. Page not available. Etta Agbor lyt Calabar. Has been happening like forever. Using gionee M5 marathon. Glo has neva worked here,"@582744 Please confirm the device apn, username and password? SO",Tue Oct 31 11:06:33 +0000 2017,Tue Oct 31 12:06:13 +0000 2017,1,False,1,False,149,23,long,1,0,
138,73310,@117627 @GloCare 08058866369,@132393 Send STOP to  35182 to deactivate the value added service on your line. You may  also send STOP to 2442 for full VAS DND. Thank you for your patience. ET.,Thu Nov 30 09:28:59 +0000 2017,Thu Nov 30 10:11:30 +0000 2017,1,False,1,False,28,3,short,2,2,
139,1480685,@GloCare @463810 I live and work in Surulere and use a tecno T4 phone. When using glo data I'm always unable to download media files but when on other ntwks,"@463812 Kindly select 3G only network; not Auto, on your device setting for better connection. TT",Fri Nov 03 10:13:42 +0000 2017,Fri Nov 03 10:37:31 +0000 2017,1,False,1,False,156,30,long,6,0,
140,318160,"@GloCare your 4x recharge is like a fraud to us, we have dialed *323*pin# a hundred times, it has never been successful","@191917 Hello Oluboba, the service is active. May we have your mobile number, the error response and recharge card serial number for checks?  TT",Sat Oct 07 07:07:08 +0000 2017,Sat Oct 07 07:20:57 +0000 2017,2,True,2,True,119,22,medium_long,0,5,
141,1855796,Thank you oh @GloCare .. Now i can't even open Google sef..,"@555114 Good morning Godday. We apologize for the inconveniences. May we have your cellphone number, location, landmark, device name, model,",Thu Oct 19 07:19:45 +0000 2017,Thu Oct 19 08:40:30 +0000 2017,2,True,2,True,59,12,short,1,5,
142,2179006,"@638613 @117627 U took the words right outta my mouth, I've been complaining for almost a year, all @GloCare will say is give us exact location bla bla bla and NOTHING will be done","@342588 @638613 @117627 We apologize.Kindly provide your number, device type, exact location and error response for a quick check . Thank you. AP",Thu Nov 09 12:23:00 +0000 2017,Thu Nov 09 14:55:21 +0000 2017,1,False,1,False,180,34,long,1,1,
143,1734934,@GloCare please how do renew my one year unlimited data plan?,"@523892 Hello Enudi, sorry there is no unlimited data plan. Please dial *777# for list of plan. SO",Tue Oct 17 17:56:42 +0000 2017,Tue Oct 17 19:03:53 +0000 2017,1,False,1,False,61,11,medium_short,6,0,
144,549938,"@GloCare my number is 08055674454, I'm on glo jumbo sim, I still have bonus both in data airtime but unable to browse once I re-charge  glo wiil start deducting my money if I try to browse till it's finishe","@248075 Good evening, We sincerely apologize for the inconvenience.We are unable to assist you at the moment. This is because we are currently carrying out an upgrade. We implore you to please bear with us, we shall assist you as soon as possible. Kindly check back later.  SG",Sat Dec 02 18:14:23 +0000 2017,Sat Dec 02 18:35:24 +0000 2017,2,True,2,True,206,39,long,4,6,
145,1615260,"@GloCare This the umpteenth time I will be sending my number again. Damn!
09053243169.","@495408 We apologize.Kindly provide your device type, exact location and error response for a quick check . Thank you. AP",Tue Nov 07 09:30:18 +0000 2017,Tue Nov 07 14:05:52 +0000 2017,1,False,1,False,86,14,medium_short,8,0,
146,1518976,@GloCare 08058616833,@472321 last recharge seen was 100 naira at 6.59 pm today. Bonus was given for Glo calls and sms ONLY. Please dial #122*23# to view. ^GM,Fri Nov 03 19:28:19 +0000 2017,Fri Nov 03 19:33:24 +0000 2017,1,False,1,False,20,2,short,3,2,
147,2708133,@GloCare please check your dm.,"@690469 You have used 4.20 MB(0.41%) out of 1.00 GB.   Kindly dial *127*0# or send INFO to 127 to check your data balance and validity. You may also dial *777#, select 1 for 3G-4G data Plan, then 4 to Manage Plan, then 4 to Get Data Balance. AP",Sun Nov 19 23:03:51 +0000 2017,Sun Nov 19 23:32:56 +0000 2017,1,False,2,True,30,5,short,0,4,
148,2477311,@GloCare Do u hv #2000 card denominations,"@132922 Yes, visit the Gloworld. FA",Thu Nov 16 07:40:01 +0000 2017,Thu Nov 16 08:26:37 +0000 2017,1,False,1,False,41,7,short,1,0,
149,474020,@GloCare @227840 Wetin happen. You guys are charging me for iflix after using for less than 60 days. Kilode? Iflix finished my last day subscription I didn't notice until I resubscribed and saw data dropping fast as I use iflix. Please what's the rule? 08051891193.,"@268899 @227840 Good morning, Damilola. Its access that's free for 2 months,not downloads or streaming on the app. More on that here: https://t.co/K1OxpO956D. ^GM",Thu Nov 30 05:31:33 +0000 2017,Thu Nov 30 05:34:45 +0000 2017,1,False,1,False,265,45,long,6,1,
150,2327942,@GloCare pls I got dis immediately I switched on my fone. Didnt send any SMS n why I was charged N35 for SMS which I have no idea https://t.co/olKeH2ciKj,@674166 Good evening James. May we have your cellphone number to run a check on your line? FA,Mon Oct 30 18:10:13 +0000 2017,Mon Oct 30 18:19:29 +0000 2017,1,False,1,False,153,29,long,9,0,
151,558210,"@GloCare 
Also got my number and confirmation that the sim is active and all..but I can't do anything on it",@250410 Good evening Olaniran. We apologize for the inconveniences. May we have your number to run a check on your line? FA,Sat Dec 02 20:38:08 +0000 2017,Sat Dec 02 21:10:35 +0000 2017,1,False,1,False,107,20,medium_long,4,0,
152,424182,@GloCare 08119162525 thank you,"@215971 Hello, the VAS messages on the line has been deactivate. Please send STOP to 2442 for full VAS DND.  TT",Tue Oct 10 13:56:59 +0000 2017,Tue Oct 10 14:08:31 +0000 2017,1,False,1,False,30,4,short,7,2,
153,1855827,"@GloCare! Had network issue over 2 days, Got no connection, can't make calls nor receive , my no is 08158140245! Can u help out pls","@220607 device name, model, APN, username and password? FA",Thu Oct 19 08:19:27 +0000 2017,Thu Oct 19 08:54:30 +0000 2017,2,True,2,True,131,25,medium_long,5,5,
154,387010,@GloCare Thanks once again,@207618 You are welcome. Stay Unlimited!  TT,Mon Oct 09 13:19:58 +0000 2017,Mon Oct 09 13:54:12 +0000 2017,1,False,1,False,26,4,short,1,2,
155,1504016,"@GloCare I bought the N500 2GB recently but to my surprise, I was allocated with only 800MB. I need an explanation here","@469089 Hello, As you auto renew/extend your plan, you will get the 100% bonus data for the plan bought. Also,a 7-day grace period is provided for renewal of plan after expiration, after which you are only eligible to half the data volume. Thank you PE",Sat Nov 25 22:49:09 +0000 2017,Sun Nov 26 02:04:53 +0000 2017,1,False,1,False,119,22,medium_long,1,0,
156,1916974,"@117627 @GloCare No error message but it has always been on one bar, no bar, slow browsing?","@570976 @117627 Kindly provide your number, error message, exact location with landmarks, issue duration and device type for assistance. TT",Wed Oct 25 20:31:53 +0000 2017,Thu Oct 26 08:21:57 +0000 2017,1,False,1,False,91,17,medium_short,2,0,
157,209928,@GloCare 09057174095,"@165602 We apologize Folashade, The complaint has been escalated and deactivated  Please send STOP to 2442. Thank you for your patience. UO",Tue Oct 03 16:03:46 +0000 2017,Tue Oct 03 17:29:19 +0000 2017,1,False,2,True,20,2,short,3,4,
158,2553564,"@117627 @GloCare Please be informed that there has been NO 3G network in Ofada area of Ogun state since yesterday morning.Take note.","@725247 @117627 We sincerely apologize for the inconveniences. The issue is being resolved. Please, bear with us. AP",Thu Nov 16 14:28:43 +0000 2017,Thu Nov 16 14:42:48 +0000 2017,1,False,1,False,133,23,medium_long,2,0,
159,2208814,@GloCare  I still can't use my data. You told me that the issues will be resolved. I even got a text that it has. What use is my data then?,"@369435 Kindly provide your number,device type,error message,duration,location/landmark. Thank you. ET.",Thu Nov 09 22:03:14 +0000 2017,Fri Nov 10 02:49:15 +0000 2017,2,True,2,True,139,30,long,6,5,
160,712756,Its customer service week @GloCare yetyou ignored my issue. Pls how do i unlock my sim cos im being asked for PUK nd i cant find my sim pack,"@182034 Hello Maryann, for security reasons call 121 help desk or visit the Gloworld shop for assistance with the PUK. TT",Fri Oct 06 09:21:28 +0000 2017,Fri Oct 06 09:30:52 +0000 2017,1,False,1,False,140,29,long,4,0,
161,385496,"@117627 @GloCare Good morning, thanks for this",@206799 You are welcome. UO,Mon Oct 09 07:51:43 +0000 2017,Mon Oct 09 12:13:45 +0000 2017,1,False,1,False,46,7,short,11,0,
162,1894602,@GloCare Thank you!,@564748 You're welcome. FA,Thu Nov 16 08:44:22 +0000 2017,Thu Nov 16 10:27:15 +0000 2017,1,False,2,True,19,3,short,7,4,
163,443568,"@117627 @GloCare Kindly update your CAs with healthy information or get them trained properly. One problem, each CA with a different solution. Tell them to stop all this trial n error thingy. the one without knowing about the problem will end up insulting the customer.",@220089 @117627 Morning Marshall. May  we know what the issue is to offer you assistance?  TT,Wed Nov 22 08:31:36 +0000 2017,Wed Nov 22 09:05:14 +0000 2017,1,False,1,False,269,45,long,2,1,
164,1038522,"Please @GloCare I have been trying to subscribe for a data plan for the past four hours and I have not been successful.  Can you resolve this issue?
The pop-up in the second picture is what keeps coming up. Thanks. https://t.co/vgLePlgOCW",@184166 Kindly provide your phone number for assistance. ET.,Fri Dec 01 06:44:21 +0000 2017,Fri Dec 01 07:54:29 +0000 2017,1,False,1,False,238,41,long,6,1,
165,2242967,"Good evening @GloCare  I tried recharging my line, and the response am getting is,""this line has been deactivated""
Help resolve.
Regards,
Joe",@653895 Apologies Joe. Kindly provide  your number for checks.  #GloEverydayBonanza GA,Fri Nov 10 20:16:55 +0000 2017,Fri Nov 10 21:25:34 +0000 2017,1,False,1,False,141,22,long,0,0,
166,1529859,@GloCare @209068 P.S the number of curses dah has been used to bless you pass 30billion,"@474817 Hello, may we know what you are experiencing. DA",Sat Nov 04 00:04:35 +0000 2017,Tue Nov 07 23:52:17 +0000 2017,2,True,2,True,87,16,medium_short,8,5,
167,423656,@GloCare Itel 1501,@215859 The issue reported has been escalated for resolution. Kindly be patient.  TT,Tue Oct 10 13:51:55 +0000 2017,Tue Oct 10 14:01:28 +0000 2017,2,True,2,True,18,3,short,1,7,
168,1871021,"@GloCare Good evening Sir/Ma,  i just did 1k sub on my Android,  i didn't get double data just 1.6GB, please help me rectify, 08055645376","@546946 Good morning Princewill. Last plan ended 13/10/2017 ,new plan activated 19/10/2017,more than 3 days after grace period,hence no double.^GM",Thu Oct 19 20:43:45 +0000 2017,Thu Oct 19 23:29:03 +0000 2017,1,False,1,False,137,24,long,11,0,
169,2208783,"@GloCare Morning, please is the upgrade over?
I would like a quick check on my account as I need to subscribe ASAP. Thanks","@123325 We apologize for the inconvenience, our engineers are working on the issue. Thank you. ET.",Fri Nov 10 03:01:09 +0000 2017,Fri Nov 10 03:26:12 +0000 2017,1,False,2,True,122,23,medium_long,1,2,
170,73297,@GloCare My number is 07058541994.,@132391 4G was credited. Text info to 127 to confirm. SO,Thu Nov 30 11:31:07 +0000 2017,Thu Nov 30 14:42:30 +0000 2017,1,False,1,False,34,5,short,8,2,
171,1141861,"@GloCare @388783 My number: 08052681123, new sim serial number: 892__credit_card__F. Visited outlet at Abraham Adesanya Ajah Conoil Station. Thanks.",@388784 @388783 Line has been provisioned. Please dial #124*1# for balance. Thank you. SO,Tue Oct 24 15:50:50 +0000 2017,Tue Oct 24 16:01:54 +0000 2017,1,False,1,False,148,19,long,8,0,
172,493139,@GloCare Pls I subscribed for blackberry plan instead of android plan #1000 how can I reverse it,@232568 You can use it. Kindly change the apn to https://t.co/Huzr6eShun (Username-leave it blank Password-leave it blank) and save. AP,Fri Dec 01 09:22:16 +0000 2017,Fri Dec 01 16:52:37 +0000 2017,2,True,2,True,96,17,medium_short,9,5,
173,1603993,@GloCare 08074149967,@492201 The complaint has been escalated and deactivated  Please send STOP to 2442. Thank you for your patience. UO,Sun Nov 05 11:13:45 +0000 2017,Sun Nov 05 12:25:18 +0000 2017,1,False,1,False,20,2,short,3,2,
174,2722112,I'll like to report this number 08079699867 for fraudulent BVN messages. It really is irritating.@GloCare,"@632501 Morning Vage, please liaise with security agencies for assistance on the issue reported. Stay Unlimited!  TT",Mon Nov 20 10:04:12 +0000 2017,Mon Nov 20 10:16:03 +0000 2017,1,False,1,False,105,15,medium_long,8,0,
175,2330541,@GloCare To opt in for the 200% Bonus,@141397 Kindly migrate into Glo Bumpa package to enjoy 200% bonus on recharge. Dial *100*10*1# to migrate.  TT,Sun Nov 12 12:31:06 +0000 2017,Sun Nov 12 12:48:10 +0000 2017,1,False,1,False,37,8,short,0,2,
176,2724779,"@GloCare @117627 Stop emphasizing with mee. I've provided you with the number - +234 807 683 5245 - not fewer than 3times. Afterwards, you still resubscribed mee to the unsolicited services and deducted my money. @104856 @117626 @7475 @104937 @120330 @127588 @562660",@264735 @117627 The VAS on the line has been deactivated. Sens STOP to 2442 for full VAS DND.  TT,Mon Nov 20 12:30:11 +0000 2017,Mon Nov 20 12:33:06 +0000 2017,1,False,1,False,266,42,long,1,1,
177,445895,@GloCare @GloCare I bought N1000 data on the sim too and I was only given 1.6gig instead of the advertised 4gig. The glo no is 08079375311. I'm starting to think the whole thing is a sham.,"@220600 Please note, with active plan, or if data expired less than 7 days, line gets the full data bundle. Otherwise, the revised plan will be given. TT",Wed Nov 22 09:14:35 +0000 2017,Wed Nov 22 09:56:39 +0000 2017,1,False,1,False,188,36,long,4,1,
178,2121860,@GloCare @117627 It seems not to be working,@220069 @117627 Kindly exercise patience and try much later . AP,Wed Nov 08 14:30:07 +0000 2017,Wed Nov 08 14:56:50 +0000 2017,1,False,1,False,43,8,short,10,0,
179,691318,@GloCare 08119489191,"@285192 Kindly visit the Gloworld show with the SIM, SIM pack, valid ID and N100 for SIM replacement. Stay Unlimited!  TT",Mon Oct 16 11:08:33 +0000 2017,Mon Oct 16 11:10:49 +0000 2017,1,False,1,False,20,2,short,3,2,
180,348613,@GloCare Like I said lm no longer using d blackberry. I now use android fon,@198986 Kindly dial *777# to subscribe. View available plans at the link: https://t.co/GvxBuIxUZL.  TT,Sun Oct 08 07:17:01 +0000 2017,Sun Oct 08 07:26:49 +0000 2017,2,True,2,True,75,15,medium_short,1,5,
181,2500312,@GloCare hello !! I have tried making some transfer of airtime to another Glo SIM registered but have had the process failed pls resolve ASAP 08152895409,"@713317 Good evening, you are not eligible to transfer because you are on glo bumpa. AP",Wed Nov 15 18:15:51 +0000 2017,Wed Nov 15 18:31:40 +0000 2017,1,False,1,False,153,26,long,4,0,
182,103600,@GloCare 08113055013,"@138796 ME2U service is not available on GLO BUMPA package (can only receive, can't send). Thanks. SG",Thu Nov 30 19:02:25 +0000 2017,Thu Nov 30 21:30:19 +0000 2017,1,False,1,False,20,2,short,3,2,
183,2159645,@GloCare please o. Why am I continuously debited on my number 0811 881 5464,"@634315 Hello Jesse, we apologize, issue has been escalated to the unit in charge. Thank you. SO",Tue Oct 31 08:44:15 +0000 2017,Tue Oct 31 10:43:55 +0000 2017,1,False,1,False,75,14,medium_short,8,0,
184,1237460,@GloCare @117627 08051567579,"@410276 @117627 Please provide your  error message, exact location with landmarks, issue duration and device type for assistance. TT",Thu Oct 26 05:40:48 +0000 2017,Thu Oct 26 12:00:34 +0000 2017,2,True,2,True,28,3,short,10,7,
185,883418,@GloCare Thank you kindly.,@329777 You are welcome. Stay Unlimited!  TT,Thu Oct 19 15:25:35 +0000 2017,Thu Oct 19 15:47:42 +0000 2017,1,False,1,False,26,4,short,7,2,
186,736351,@GloCare 09055377792,"@236388 Demola, investigation showed the VAS on the line was activated by subscriber. No refund will be given. Stay Unlimited.  TT",Mon Nov 20 08:31:57 +0000 2017,Mon Nov 20 08:37:18 +0000 2017,1,False,2,True,20,2,short,1,4,
187,2669568,"@GloCare @117627 156 ilawe road opp olaoluwa Muslim grammar school Ado Ekiti, internet network has not been stable, but was a little bit better this morning!",@256532 @117627 Kindly confirm the current status. Thank you. CA,Mon Nov 20 19:04:35 +0000 2017,Mon Nov 20 19:31:05 +0000 2017,1,False,1,False,157,26,long,10,0,
188,2722123,@GloCare 07053807239,"@127130 Because your last plan expired 13/11/2017 04:03:21 am and your renewed 20th,more than 7 days after,hence the 1.6 GB. Renew before it ends and get the 4 GB. ^GM",Tue Nov 21 19:30:53 +0000 2017,Tue Nov 21 22:03:19 +0000 2017,1,False,1,False,20,2,short,3,2,
189,859279,"@GloCare That was fast.

Thanks. ✌🏾

Gotta use the best of this 4G device ☺️",@324025 You are welcome. Stay Unlimited!  TT,Fri Oct 20 16:39:16 +0000 2017,Fri Oct 20 16:45:18 +0000 2017,1,False,1,False,76,15,medium_short,1,0,
190,107437,@GloCare 08117888988,@139864 You can not extend more than 12 times. Thank you. AP,Thu Nov 23 17:52:05 +0000 2017,Thu Nov 23 18:59:22 +0000 2017,1,False,1,False,20,2,short,3,2,
191,138742,"@GloCare I just bought your 4g LTE sim and have recharged 1000 on it to do 4g since 2days now it doesn't activate,now am browsing with my card please do something please😭😭😭","@147265 Afternoon, kindly provide your number for a quick check. AP",Thu Nov 23 11:23:56 +0000 2017,Thu Nov 23 15:30:16 +0000 2017,1,False,1,False,172,32,long,4,0,
192,529862,@GloCare I need my remaining data. I subscribed for 4gb you only gave me 2gb. 09050963923. You did the same thing last week,"@242706 Good day, your last week's plan was #500 from which got 1.6GB, you got 4gb today PROMOTION_BONUS_GIVEN @ 02/12/2017 08:02:41. If you subscribe before plan expires or within 7 days after expiration, you get 100% data bonus otherwise you get the revised [half]data. GA.",Sat Dec 02 07:46:04 +0000 2017,Sat Dec 02 09:18:05 +0000 2017,1,False,1,False,123,23,medium_long,6,0,
193,2556945,@GloCare  please check your DM please,@142132 You are on glo bumpa plan. Thank you. AP,Thu Nov 16 15:04:38 +0000 2017,Thu Nov 16 15:34:17 +0000 2017,1,False,1,False,37,6,short,0,2,
194,1563216,@117627 @GloCare 08053659605,@482758 @117627 Please send  STOP to 55326 and 2442  for full VAS DND.  TT,Sat Nov 04 09:27:57 +0000 2017,Sat Nov 04 10:02:33 +0000 2017,1,False,1,False,28,3,short,2,2,
195,209580,@GloCare good afternoon.... how can I do glo CUG and how much?,"@165609 For CUG lines, the price differ, please visit the nearest gloworld for assistance. UO",Wed Oct 04 13:50:18 +0000 2017,Wed Oct 04 15:42:18 +0000 2017,1,False,1,False,62,12,medium_short,11,0,
196,2146013,"@GloCare your network has been fluctuating since monday at Okota, Isolo LGA, Lagos. 
 Probably a POP site is down. Kindly investigate..","@373015 Good morning Mr Dara.We sincerely apologize for the inconveniences. The issue is being resolved. Please, bear with us. FA",Thu Oct 19 07:37:15 +0000 2017,Thu Oct 19 08:42:41 +0000 2017,1,False,1,False,135,21,medium_long,5,0,
197,658645,"@117627 @GloCare @139868 Apology as always is accepted. I won't send anything again. I have only one duty now, to tell everyone what you people did to me and are doing to others. #210 from one subscriber is not here. What sms cost #50 as I was told? I was illegally subscribed to what I know nothing of",@276812 We apologize we do not have the details on this tweet thread. Please retweet. UO,Thu Nov 23 15:16:46 +0000 2017,Thu Nov 23 17:29:46 +0000 2017,2,True,2,True,302,58,long,2,6,
198,2651138,@GloCare 08055999263,@747766 You received 15% (e-top up) of your recharge. The bonus can be used to call and send SMS to all Glo lines in Nigeria . CA,Sat Nov 18 15:50:21 +0000 2017,Sat Nov 18 16:36:13 +0000 2017,1,False,1,False,20,2,short,3,2,
199,1609973,"@GloCare my no is 08059189956,searching for Network,anne street,Morcas,nuraini yusuf area,kollington area,Alagbado,started yestanyt ,BB10","@494251 We apologize Oluyinka, , the issue has been resolved. Please restart your device and kindly revert if issue persist. UO",Sun Nov 05 09:16:01 +0000 2017,Sun Nov 05 10:27:44 +0000 2017,2,True,2,True,137,13,long,1,5,
200,2422057,"@GloCare  who sabi Glo engineers? #no network #dengi #kanam #network provider...#4daysnow. This is not right. #mybossonmyneck #DeadlineDay #noworkdone.
@117627.com @24819 @94484","@355727 @117627 Sincere apologies, kindly provide your number, device type, exact location with landmark, error message, signal you can see and alternate number. GA",Tue Nov 14 17:39:38 +0000 2017,Tue Nov 14 17:44:53 +0000 2017,1,False,1,False,177,21,long,5,0,
201,2724770,"@GloCare Pls kindly resend the settings sent, i lost the first one. Thank you.",@764211 Settings has been resent. Kindly save as received. CA,Mon Nov 20 12:53:24 +0000 2017,Mon Nov 20 13:17:25 +0000 2017,1,False,1,False,78,14,medium_short,9,0,
202,549941,@117627 @GloCare Thank u so much!,@248076 @117627 You are welcome. AP,Sat Dec 02 18:13:12 +0000 2017,Sat Dec 02 18:14:07 +0000 2017,1,False,1,False,33,6,short,7,2,
203,493127,"@GloCare ur ad said ""New and existing customers"". Honesty is required in little things like ad and public announcements. #NotSatisfied","@232565 First subscription for new sub will get the 150% bonus. Subsequently, auto renew/re-subscribe within 7 days after expiration, you will get the 150% data bonus otherwise you will get the revised data. SO",Fri Dec 01 09:29:24 +0000 2017,Fri Dec 01 16:35:51 +0000 2017,2,True,2,True,134,20,medium_long,1,5,
204,416929,"@GloCare this is the line, 08158683226, been subscribing for years, 10s of thousand worth of data and this is my reward? I am beyond words!","@214472 Hello Akpan, we apologize. The complaint has been escalated and deactivated  Please send STOP to 2442. Thank you for your patience. UO",Mon Oct 09 21:26:14 +0000 2017,Tue Oct 10 10:50:51 +0000 2017,2,True,2,True,139,25,long,6,5,
205,471927,"@GloCare No, I didn't send any message to 2442. But I have been doing USSD mobile banking successfully until about one week ago when it started giving me ""connection problem or invalid MMI code"" error, and with each attempt N5 service charge is deducted. My phone number is 08057017631.","@227390 We apologize,we are unable to check your line now. Our engineers are carrying out system upgrade. Kindly check back much later. Thank you.AP",Fri Dec 01 09:06:57 +0000 2017,Fri Dec 01 16:42:29 +0000 2017,2,True,2,True,286,49,long,1,6,
206,2828172,@GloCare Thank you for your help,@787680 You are welcome. Stay Unlimited!  TT,Wed Nov 29 08:47:28 +0000 2017,Wed Nov 29 09:08:56 +0000 2017,1,False,1,False,32,6,short,7,2,
207,2172639,@GloCare pls which sms cost #50 as I was told I was charged? It will be good to know the type of sms I didn't send that costs that much. Thanks,"@276812 Afternoon, kindly provide your number for a quick check. AP",Thu Nov 09 11:18:58 +0000 2017,Thu Nov 09 14:37:52 +0000 2017,1,False,1,False,143,31,long,9,0,
208,2534353,@GloCare 08055149642,@721121 We will send your details to the designated unit to look into it. FA,Thu Nov 16 07:36:20 +0000 2017,Thu Nov 16 08:13:26 +0000 2017,1,False,1,False,20,2,short,3,2,
209,2222639,"Hi @GloCare I just lost my Glo sim with so many contacts. Please, how do I get my line retrieved?","@649105 , an affidavit attesting to the ownership and loss of the SIM must be provided. CA",Fri Nov 10 11:38:13 +0000 2017,Fri Nov 10 12:03:28 +0000 2017,3,True,3,True,97,20,medium_short,4,5,
210,2938585,@GloCare 08118553957,"@350033 Hello Ebuka, subscribed VAS on the line now deactivated. You may send STOP to 2442 for full VAS DND.  TT",Wed Nov 29 13:11:47 +0000 2017,Wed Nov 29 13:35:58 +0000 2017,1,False,1,False,20,2,short,1,2,
211,2531701,@GloCare don't you get it I didn't borrow any money,"@716195 Hello Ola, auto borrow service is active on the line. Thank you. SO",Mon Oct 30 09:43:35 +0000 2017,Mon Oct 30 10:42:55 +0000 2017,1,False,1,False,51,10,short,0,0,
212,2663387,@GloCare 07035549219,@653894 May we know when you recharged last and the amount. Thank you. SO,Tue Oct 31 10:19:17 +0000 2017,Tue Oct 31 10:58:29 +0000 2017,1,False,1,False,20,2,short,3,2,
213,2159622,"@GloCare Thank you. Please, also help checkout the 2000naira voice bonus and 210mb bonus that I have not been able to use 08152718593. Thank you.","@634313 We apologize for the inconvenience, our engineers are working on the issue. Thank you. UO.",Thu Nov 09 09:38:43 +0000 2017,Thu Nov 09 13:34:02 +0000 2017,2,True,2,True,145,25,long,7,5,
214,528096,@GloCare 08058109689,"@242257 Sincere apologies, you have active value added service which attracts daily weekly and monthly charges on your line. GA",Sat Dec 02 08:42:46 +0000 2017,Sat Dec 02 09:53:29 +0000 2017,1,False,1,False,20,2,short,3,2,
215,443603,"@GloCare Why is it a challenge to stop unwarranted sms been sent to customer's phones and not only that, they are been charged for it as well! Almost a month of complaint no respite! @117626","@220092 Morning, kindly provide your mobile number for checks and assistance to deactivate the VAS.  TT",Wed Nov 22 07:57:50 +0000 2017,Wed Nov 22 08:46:05 +0000 2017,1,False,1,False,190,35,long,1,1,
216,645789,"@117627 @GloCare You have really tried in this improvement in data offers. You still need to improve in your network. Please, kindly bring the 2gb - 500 to monthly subscription.",@309896 Good morning Rimus. Noted. We will inform the management. Thank you for choosing Glo Mobile. Have a nice day. FA,Sat Nov 25 07:17:44 +0000 2017,Sat Nov 25 08:44:51 +0000 2017,1,False,1,False,177,30,long,2,0,
217,209825,"@GloCare Good evening.  I have called your customer care line for over 30 mins no response. I have N200 in my main account balance but I just checked balance now and noticed that about N127 has been deducted.  Why? Please, check for me. 07058616007","@165647 Apologies Oluwole, you have active value added service which attracts daily weekly and monthly charge on your line. GA",Sat Nov 18 22:21:38 +0000 2017,Sun Nov 19 01:04:25 +0000 2017,1,False,1,False,248,44,long,11,1,
218,517522,@GloCare Good day. Please I lost my Glo SIM card.and I want a welcome back. My question here is that must can I just buy a welcome back SIM and call the customer care for a swap? Or what should I do?,"@239335 Morning Thalma, kindly visit the Gloworld shop with the SIM pack, Valid ID and N100 for SIM replacement. Stay Unlimited!  TT",Sat Dec 02 00:44:43 +0000 2017,Sat Dec 02 00:54:00 +0000 2017,1,False,1,False,199,42,long,4,1,
219,2406210,@GloCare @117627 Certainly 07057325074,"@692025 @117627 we apologize, may we know when you experienced the deduction(s) on your line? OO",Mon Nov 27 12:27:46 +0000 2017,Mon Nov 27 13:09:48 +0000 2017,1,False,1,False,38,4,short,10,2,
220,2092973,@117627 @GloCare Please I want to know why my data zaps out so quick right now.,"@618456 @117627 Hello, may we have your number for checks. DA",Tue Nov 07 22:33:13 +0000 2017,Wed Nov 08 00:01:47 +0000 2017,1,False,1,False,79,16,medium_short,2,0,
221,2886805,"@GloCare 0905 261 4131, I just moved to the area and I was told it has been like that for a while, tecno cx air","@800586 Please bear with us, Kabiru. The network issue in the referenced area is still receiving attention with our network team and would be addressed. ^GM",Tue Nov 28 17:10:04 +0000 2017,Tue Nov 28 17:25:49 +0000 2017,1,False,1,False,111,25,medium_long,1,0,
222,2222613,"@GloCare @117627 What do you mean, kindly be patient. This is becoming too much. Last week it was for 2 whole days, now today, Monday of all days!!!","@649100 @117627 Hello Nosike, we sincerely apologize for the inconvenience. DA",Mon Nov 13 13:10:27 +0000 2017,Mon Nov 13 14:25:23 +0000 2017,2,True,2,True,148,28,long,10,5,
223,2297125,"@GloCare Gud afternoon. Pls, how do I stop a data subscription that I'm currently on? I need to change to a bigger one.",@666883 To deactivate active plan email __email__ for assistance.  TT,Thu Oct 19 19:20:43 +0000 2017,Thu Oct 19 19:32:51 +0000 2017,2,True,2,True,119,23,medium_long,6,5,
224,1555393,@GloCare 0805 498 3236 here's my number,@481004 Kindly try again and revert with the error message if issue persist. DA,Sat Nov 04 10:36:16 +0000 2017,Sat Nov 04 11:47:08 +0000 2017,2,True,2,True,39,7,short,8,7,
225,381917,@GloCare 08113346817,"@206563 Hello Ahmad, 
Kindly provide your exact location, device type and error response so we can progress. Thank you. UO.",Sun Oct 08 19:36:04 +0000 2017,Mon Oct 09 09:48:31 +0000 2017,1,False,1,False,20,2,short,3,2,
226,428041,@GloCare Why can't I call glo lines with my bonus?,"@216793 Good Morning. Kindly provide your number,  the Glo lines you are unable to call, and the error message you get for checks. Thank you. LP",Mon Oct 09 23:28:19 +0000 2017,Tue Oct 10 02:21:59 +0000 2017,2,True,2,True,50,10,short,0,5,
227,2785211,@GloCare 08158259785,@777657 Complaint has been forwarded for resolution. ET.,Tue Nov 21 18:25:20 +0000 2017,Tue Nov 21 19:00:16 +0000 2017,1,False,1,False,20,2,short,3,2,
228,46771,@GloCare what of caller tunes I didn't suscribe for any thing on this line only data!pls deactivate everything TT pls! Thanks again,@126397 The Caller Tune service has been deactivated.  Stay Unlimited!  TT,Sat Nov 04 12:42:24 +0000 2017,Sat Nov 04 13:05:08 +0000 2017,1,False,1,False,131,22,medium_long,9,0,
229,493124,@GloCare you can determine the efficiency of a network by its customer service...*Smh...*phew*,@232564 We apologize. May we know what the exact issue is? AP,Fri Dec 01 09:35:29 +0000 2017,Fri Dec 01 16:59:57 +0000 2017,2,True,2,True,94,13,medium_short,5,5,
230,995146,@GloCare please I will like to gift a data to my sis..please hope all my data won't be transferred,@247013 Good evening Igbomina. Data gifting is subscribing a whole plan for someone. You can only share the data plan on your line. Click on,Sun Oct 22 15:20:11 +0000 2017,Sun Oct 22 15:58:34 +0000 2017,2,True,2,True,98,19,medium_short,6,5,
231,1555397,@GloCare I have not been able to use the bonus credit given to me since my line was credited,@481004 Please provide your mobile number for checks and assistance.  TT,Sat Nov 04 10:05:42 +0000 2017,Sat Nov 04 10:20:01 +0000 2017,1,False,1,False,92,19,medium_short,0,0,
232,1894590,"@GloCare for the past six weeks,no GLO signal in BORRONG in MBULA kingdom and entire DEMSA L.G.A,fix the problem and cheer your numerous subscribers pls.","@564747 Hello Afraimu, we empathize. May we have you number, exact state, and alternate contact for assistance. SO",Fri Nov 17 02:12:49 +0000 2017,Fri Nov 17 06:27:53 +0000 2017,1,False,1,False,153,25,long,1,0,
233,1123746,@GloCare @117627 I haven't even gotten any reply from your end via DM,"@206799 @117627 Morning  Ademola, we apologize for the experience. Network engineers are working to resolve the issue. Kindly be patient. TT",Wed Oct 25 19:25:05 +0000 2017,Thu Oct 26 07:51:50 +0000 2017,1,False,1,False,69,13,medium_short,10,0,
234,1110897,"@GloCare  abeg oo what have I done ?
I was denied of my 100% auto renewal on my plan as if dats nt enough I was also denied of 200% BONUS","@349729 Morning, kindly provide your number for a quick check. AP",Fri Oct 13 21:04:27 +0000 2017,Sat Oct 14 04:37:19 +0000 2017,1,False,1,False,137,31,long,0,0,
235,1422185,@GloCare Pls find a lasting solution to you network fluctuation around UNTH Enugu-Four corner-Agbani axis. It's becoming frustrating.,"@450524 Morning Okorouka, kindly select 3G only network; not Auto, on your device setting for better connection. TT",Thu Nov 02 07:30:18 +0000 2017,Thu Nov 02 08:08:58 +0000 2017,1,False,1,False,133,18,medium_long,9,0,
236,796369,@GloCare Thank u how do the glo jumbo goes???,@309895 Please dial *224# to migrate to Glo Jumbo package. View details at the link: https://t.co/760y8fDOaK  TT,Sat Nov 25 13:26:34 +0000 2017,Sat Nov 25 14:33:54 +0000 2017,1,False,1,False,45,9,short,7,0,
237,2393354,@GloCare @117627 I live here in Ikorodu. Gbodu/Gberigbe road axis. Ur network has been shitty for weeks now. Whch wasn't like this b4. It's affectn my biz,@654887 @117627 Our unreserved apology for the inconvenience. We assure you the issue affecting your location is being worked on. We implore you to please bear with us. Thank you. GA,Tue Nov 14 11:57:08 +0000 2017,Tue Nov 14 16:27:52 +0000 2017,1,False,1,False,154,27,long,5,0,
238,674696,"It’s such a shame how terrible your network is. Glo is even messed up in Lagos, ya’ll should just pack up then. Maybe turn it into a record label, since you only know how to sign artiste. @Glocare","@280910 Sincere apologies, may we know  the network inconvenience you are experiencing on your line and the location with landmark? GA",Thu Nov 23 07:49:14 +0000 2017,Thu Nov 23 09:54:33 +0000 2017,1,False,1,False,196,38,long,5,1,
239,2556925,"@GloCare My Number is 08058328896, kindly unsubscribe me from any tips or tunes services thereby stop deducting my airtime. also i want to know d tariff plan i'm on presently. i have bonus data yet my airtime is deducted whenever i connect to internet","@725933 Good morning, no negative deduction observed on the line. However, you can text STOP to 2442 to deactivate unsolicited services. You are on Jumbo sim package. Calls from Main a/c-38k/sec. Calls from Bonus a/c- 80k/s (strictly Glo to glo). SMS- N4. SO",Fri Nov 17 06:09:11 +0000 2017,Fri Nov 17 07:08:13 +0000 2017,1,False,1,False,251,44,long,8,1,
240,2553559,@GloCare  good evening how is u,@142132 We are fine and you ? AP,Thu Nov 16 14:47:40 +0000 2017,Thu Nov 16 15:05:51 +0000 2017,1,False,1,False,31,6,short,11,2,
241,1480661,@GloCare 08155083300,@463810 The line is on Jumbo package. Call tariff from the main account is 38k/sec.  TT,Fri Nov 03 07:34:45 +0000 2017,Fri Nov 03 07:56:57 +0000 2017,1,False,1,False,20,2,short,3,2,
242,2965616,@GloCare hello,@818178 Good evening. How may we assist you? ^GM,Wed Nov 29 19:38:56 +0000 2017,Wed Nov 29 22:16:46 +0000 2017,1,False,3,True,14,2,short,1,4,
243,209835,"@GloCare Good evening. I hope my complaints have been attended to as promised? Please, look into it and revert back. Thanks","@165647 We apologize Agbaje, we are on it. UO",Sun Nov 19 18:45:40 +0000 2017,Sun Nov 19 19:15:05 +0000 2017,1,False,1,False,123,21,medium_long,11,0,
244,2222624,"@GloCare @117627 please, how can I get a Nano sim? For my old sim or a new one? Thank you",@570958 @117627 Kindly visit any of our nearest Gloworld outlets to buy https://t.co/UZ9syKkvkG. Thank you. AP,Fri Nov 10 14:20:56 +0000 2017,Fri Nov 10 14:29:31 +0000 2017,1,False,1,False,89,20,medium_short,4,0,
245,645784,@117627 @GloCare May be I should reactivate my glo line again?,"@273319 @117627 Morning Abdulwahab, kindly provide the number for checks. Thank you.  TT",Wed Nov 22 04:15:11 +0000 2017,Wed Nov 22 06:19:56 +0000 2017,1,False,1,False,62,11,medium_short,2,0,
246,1166186,What happen to @394310 M.banking *894? Its not working again on all @GloCare sim. Customers who registered with glo line cant use it again,"@394309 @394310 Good evening, please contact your bank for clarification on the issue. Thank you. SO",Sun Oct 15 18:45:58 +0000 2017,Sun Oct 15 18:58:16 +0000 2017,1,False,1,False,138,24,long,4,0,
247,194829,"@GloCare I just shared my data with a frd,would like to remove the number .how do I do it??","@161789 Hello Tijani, to remove a line sharing your data dial *127*02*Number#.  TT",Wed Oct 11 16:53:20 +0000 2017,Wed Oct 11 17:05:46 +0000 2017,2,True,2,True,91,19,medium_short,8,5,
248,893299,@GloCare @332115 08059606771,"@332114 @332115 Hello seun, you were given just 10gb. You cannot roll-over bundle from an expired plan into a new plan. Thank you. AA",Thu Sep 07 19:50:39 +0000 2017,Fri Sep 08 00:27:15 +0000 2017,1,False,1,False,28,3,short,3,2,
249,2179023,"@117627 @GloCare I don't know the date, I wasn't sent a notification or I didn't see any if it was sent. 08112915624 is in a MiFi, I only noticed that money was deducted hampering my internet subscription.","@165597 @117627 Afternoon,the issue has been escalated to the unit in charge and It will be resolved soon. AP",Thu Nov 09 11:58:15 +0000 2017,Thu Nov 09 14:53:24 +0000 2017,1,False,1,False,205,37,long,2,1,
250,1122588,"@GloCare we've not had network, in keffi Nasarawa State for about 3days now. Right now we cannot even make calls. What is going on?",@384758 kindly restart your device and retry ~ OO,Mon Oct 23 20:33:22 +0000 2017,Tue Oct 24 06:54:59 +0000 2017,1,False,1,False,131,24,medium_long,5,0,
