golden_id,customer_text,predicted_intent,confidence,draft_reply,correctness,groundedness,helpfulness,safety,conciseness,overall_score,pass,short_reason,status,error
G001,"@GloCare so I recharged yesterday and I didn't get my usual bumba bonus, please why, 08117626261",sim_or_device_issue,0.13049185970211752,"The number you provided is on Glo Bounce, not Glo Bumpa. Please confirm if you meant Glo Bumpa or Glo Bounce. OO",1,1,1,1,5,1,False,"The reply incorrectly states that the number is on Glo Bounce, which is not supported by any historical evidence and contradicts the customer's mention of 'bumba bonus'—a known product name—thus materially misrepresenting the service.",success,
G002,@glocare pls I migrated to Glo jumbo and recharged. I've been given bonus but couldn't use it to call. help,bonus_or_promotion_issue,0.12197626101603697,Kindly provide your number so we can assist you with your bonus usage. Thank you!,3,1,3,5,5,3,False,"The reply does not address the core issue of bonus usage or provide any information about how bonuses are typically used or restricted, despite the customer's explicit request.",success,
G003,"@GloCare please if I recharge my jumbo SIM, for existing subscriber , will my money be taking or will it still remain on my main balance",data_issue,0.13165987955019948,"Hello, the amount recharged to your Jumbo SIM will be credited to your main account. Thank you.",3,1,3,5,5,3,False,"The reply makes a claim about money being credited to the main account without any supporting evidence from retrieved historical interactions, and the intent confidence is very low, indicating a high risk of inaccuracy.",success,
G004,"@GloCare  Could you please send me the steps to recharge my Glo numbers using Ecobank Bank, Wuse 2 Abuja, Nigeria.",sim_or_device_issue,0.12199647786967507,Please visit any of the following links to recharge your Glo numbers using Ecobank: or or Thank you.,1,1,1,1,1,1,False,"The reply provides no actionable steps or valid links to recharge Glo numbers via Ecobank, failing to address the customer's request with any accurate or supported information.",success,
G005,"@GloCare pls i don't know how this pre-loaded airtime works,  cus I bought a new sim and recharged but didn't see any bonus",sim_or_device_issue,0.11851358188197327,"Hello, I bought a new SIM and recharged but didn't see any bonus. Could you clarify how the pre-loaded airtime bonus works and how to unlock it?",3,1,5,5,5,3,False,"The reply correctly asks for clarification but lacks grounding in any historical evidence or policy, making it incomplete despite being helpful and safe.",success,
G006,"@GloCare,@117627, I've lodged complain that I've not been able to call out except the customer care line, and I can't recharge on my phone",unauthorized_charge_or_vas,0.11759043155396118,"Hello, we apologize for the inconvenience you're experiencing with making calls and recharging your line. The issue is being investigated and will be resolved shortly. Please bear with us.",3,1,3,5,5,3,False,"The reply does not address the specific issue of unauthorized charges or value-added services (VAS) as predicted, and lacks grounding in any historical evidence or policy references.",success,
G007,"@GloCare please you guys should help me check my line as I was awarded 500mb after I recharged but I'm been deducted from my Normal data subscription which really isn't suppose to be so, this is the number 08058976647",unauthorized_charge_or_vas,0.13821481495710916,kindly provide your number for a quick check to assist with your data subscription concern.,3,1,3,5,5,3,False,"The reply does not acknowledge the customer's specific issue of data deduction after a recharge or address the claim of unauthorized data subscription changes, missing key context from the original message.",success,
G008,"@GloCare I hav a lot of data&amp;call bonus,but's still charged frm my main balance Wen calln/browsn. &amp; #124#, #124*1# no longa work 08113877114",unauthorized_charge_or_vas,0.11750980019068304,"Evening, you have exhausted your data bonus. The voice bonus is only valid for Glo to Glo calls. For assistance with your bonus or service, please provide your number so we can assist you further.",1,1,1,1,1,1,False,"The reply incorrectly states the customer has exhausted their data bonus and misrepresents the validity of voice bonus, with no evidence to support these claims.",success,
G009,@232561 @117627 @GloCare UPDATE!!! They've Deducted N10 From The 980 Again.. N1k Airtime Just This Morning Now Down To N970.. https://t.co/LWukklgbxv,non_actionable_or_context_required,0.13470020907349248,We apologize about the deduction. Kindly provide your number so we can assist you further.,3,1,3,5,5,3,False,"The reply does not address the specific issue of repeated deductions or airtime reduction, and lacks grounding in any historical evidence or policy.",success,
G010,"@GloCare My sister recharged and subscribed for glo data plan of N1000 on the 10th, airtime value was deducted but haven't received data paid for, pls resolve asap.",data_plan_issue,0.1416620475222619,"Sincere apologies, may we have the affected number and device type?",3,1,3,5,5,3,False,"The reply asks for missing information but does not acknowledge or address the customer's reported data plan discrepancy, which contradicts the issue described and lacks grounding in historical evidence.",success,
G011,"@117627 @659903 Since @GloCare won't take my calls please why is #100 taken from my account daily when I have not subscribed for data or any glo services. I bought this line on Thursday 9th Nov., 2017",unauthorized_charge_or_vas,0.13290211638970265,Kindly send in your number for a check.,3,1,2,5,5,3,False,"The reply does not address the customer's concern about daily charges without subscription, and there is no historical evidence to support the action of requesting a number for a check.",success,
G012,"@GloCare @117627 Number-07052632663
Device type- infinix hot note x551
Location- Akwa Ibom state university, Ikot Akpaden, Mkpat enin, Akwa ibom state
Error message- emergency
Signal- No signal
Alternate numbers- 08128059629...08147428657",network_issue,0.15109741808138014,Sincere apologies for the inconvenience. Your complaint has been escalated and you will receive a text when the issue is resolved. Thank you.,3,1,2,5,5,3,False,"The reply lacks specific information about the network issue or device, and no historical evidence supports the claim of escalation or resolution timelines.",success,
G013,Lol prople dey para oo. Hahhahahahaaha. Oya @GloCare kindly stop any VAS service and callertunes oo. They have abused me for being too patient with u. I asked a question and yet to get an answer. How can i get my number across without dropping it on timeline? https://t.co/z5KKf4KEq9,data_plan_issue,0.11673013058171168,May we have your cellphone number so we can assist you with your request?,1,1,1,1,1,1,False,"The reply does not address the customer's actual concern about VAS abuse and callertunes, nor does it acknowledge the frustration or provide any resolution path.",success,
G014,@GloCare I can't browse check your network,network_issue,0.14768659048751123,Could you please provide your location and mobile number so we can assist you better?,3,1,3,5,5,3,False,"The reply does not address the actual issue of network browsing failure and lacks grounding in historical evidence, making it incomplete and imprecise for a network issue.",success,
G015,@GloCare Why am I charged for airtime not used?,non_actionable_or_context_required,0.11944703002223891,Please provide your mobile number so we can investigate your airtime charges and assist you better.,3,1,3,5,5,3,False,"The reply does not address the customer's core concern about airtime charges and instead requests personal information without explaining why or how it would resolve the issue, making it incomplete and contextually weak.",success,
G016,@GloCare old how can a customer check his data account? Thanks,non_actionable_or_context_required,0.1315622605616841,"You can check your data balance by dialing *127*0# or sending ""INFO"" to 127.",5,3,5,5,5,5,True,"The reply provides a clear, actionable step for checking data balance and is concise and safe, though no historical evidence supports the specific instruction.",success,
G017,@GloCare 07057789957....pls check why the money I recharged for auto renew was deducted without any apparent msg on d deduction,unauthorized_charge_or_vas,0.13697161112712203,"Please confirm the amount recharged, method of recharge, and date so we can investigate further. Thank you.",5,3,5,5,5,5,True,The reply accurately requests specific details to investigate the unauthorized deduction without making unsupported claims or fabricating information.,success,
G018,@GloCare u give sending me sms dat my network signal issues has being resolved I said u deducted money 08055451220 work on this pls,network_issue,0.1285310090181262,"Hello Kazeem. To resolve this, kindly dial STOP to 35182 to deactivate the subscribed VAS. You may also send STOP to 2442 for full VAS DND.",1,1,1,1,1,1,False,"The reply addresses a VAS deactivation command, but there is no evidence in the historical interactions that network signal issues are tied to VAS or that such commands resolve signal problems, making the response materially incorrect and ungrounded.",success,
G019,"@GloCare 08119242743,no network  bars atall,and went it comes up,i can't mk calls not even browse  wit it, Ajah, Lagos, Moba town etiosa lga",network_issue,0.13679879815557616,"Hello, we apologize for the inconvenience. Our network engineers are currently addressing the issue in your area. Kindly bear with us. DA",3,1,2,5,5,3,False,"The reply lacks specific information about the network issue and does not reference any historical evidence or actionable steps, making it incomplete and ungrounded.",success,
G020,@GloCare it has become obvious dat my units are taken illegally. I recharged 300 last week never called for even a minute but yesterday...,network_issue,0.12461907983500328,"Afternoon Daytonye, kindly provide your mobile number so we can assist you with your concern.",1,1,1,5,5,1,False,"The reply fails to acknowledge or address the customer's claim of illegal unit taking or unauthorized charges, and does not reference any evidence or policy supporting such claims.",success,
G021,"@GloCare, i can't browse with Glo, but same setting, is what am browsing on Mtn, we love ur network more than other, kindly do something pls",network_issue,0.13701744477611436,"Please confirm your APN, username, and password. Also, kindly share your number and exact location so we can assist you better.",3,1,3,5,5,3,False,"The reply asks for technical details like APN settings, which are not supported by any retrieved historical evidence and may not be appropriate for a general network browsing issue reported by a customer.",success,
G022,"@GloCare I have made complaints severally on how glo deducts my airtym,yet nothing was done abt. I will never patronize ur useless network again",network_issue,0.12354818552041802,We apologize for the frustration this has caused. Your concern regarding airtime deductions has been forwarded to our resolution team for immediate attention. Thank you for bringing this to our notice.,3,1,3,5,5,3,False,"The reply does not address the specific issue of airtime deductions or reference any historical evidence, making it ungrounded and incomplete.",success,
G023,@GloCare network been switching off &amp; on. It has been completely off for a while now &amp; I can't even call customercare pls help 07053337908,network_issue,0.13981905478805132,"Kindly select 3G only on your device settings for better connection. Also, to assist further, please share your number, device type, and exact location with a landmark.",3,1,3,5,5,3,False,The reply offers a technical suggestion without evidence from historical interactions and does not address the core issue of a persistent network outage or inability to reach customer care.,success,
G024,"Dear customer, your subscription of CHOLESTROL's gpa cannot be renewed due to insufficient balance. @117627 @GloCare CANCEL. I did not subscribe to it. #Fraud.",data_plan_issue,0.1357638501563084,"Morning, kindly send STOP to 2442 to deactivate the CHOLESTROL GPA VAS. This will stop further charges. If you did not subscribe, we recommend confirming with your service provider.",1,1,1,1,1,1,False,"The reply provides no evidence that STOP to 2442 is a valid or supported action for deactivating a service, and the historical evidence is missing, making the response ungrounded and unsupported.",success,
G025,"@GloCare Hello. It's an office line, it's for calls only. I told you it does not support browsing. Kindly tell me i you can refund the airtime or not. This is taking too long",unauthorized_charge_or_vas,0.1199467001142257,"Apologies, airtime for office lines cannot be refunded. Please send a mail to __email__ for further assistance. DA",3,1,2,3,5,3,False,"The reply incorrectly states airtime for office lines cannot be refunded, despite no historical evidence supporting this policy, and provides a generic email without context or clarity.",success,
G026,"@GloCare 08119242743,no network  bars atall, and wen it come back, i can't mk use it, and I just renewed my data,Ajah Lagos, Moba town, etiosa lga.yesterday till now, techno j8 boom",data_issue,0.13047031362934697,"Hello, we apologize. We are aware of the issue and the network engineers are working to resolve it. Kindly bear with us. DA",3,1,2,5,5,3,False,"The reply lacks specific information about data issues or location-based troubleshooting and does not reference any historical evidence or actionable steps, making it incomplete and ungrounded.",success,
G027,@GloCare earlier this week i used the 2442 DND code given to me by one of ur agents nw am getting msgs 4 a service i didnt subscribe 4 with my airtime deducted 4 said service Again!!!,unauthorized_charge_or_vas,0.1381729180962187,We apologize for the inconvenience. May we have your number so we can investigate and assist you further?,5,3,5,5,5,5,True,"The reply accurately acknowledges the issue, requests necessary information to investigate, and is concise and safe without fabricating or misleading claims.",success,
G028,"@GloCare Please check again, Firstly 400 naira was deducted, I loaded 100 naira, no deduction, 500 naira was loaded, and the last 100 naira was deducted, why deducting from the 1000 naira, and why is 20 naira still remaining",unauthorized_charge_or_vas,0.1362724073021661,"Hello Julius, we understand your concern. A deduction of N20 was made from the N100 recharge for a value-added service (VAS). The remaining balance was insufficient to clear the outstanding loan. To resolve this, please provide your phone number so we can verify and assist further.",3,1,3,3,5,3,False,"The reply invents a 'value-added service' deduction and an 'outstanding loan' without evidence, and fabricates a balance insufficiency that contradicts the customer's stated facts.",success,
G029,"@GloCare The number is 08050630693, HTC M8, Igbeti in olorunsogo LG OYO state, 3G network failure and also kindly note that we experience incessant network outage due power failure ( some times 4 days in a week) since Dec 2016, several complaint but still same .",network_issue,0.1739850043234409,"The issue has been escalated to the relevant team for resolution. We recommend checking with your local power provider, as power outages may affect network stability. For further assistance, please provide your full address and device details.",3,1,3,5,5,3,False,"The reply does not acknowledge the specific historical context of recurring outages since 2016 or the 3G failure, and makes no claim supported by retrieved evidence, thus lacking groundedness and correctness.",success,
G030,"@GloCare @117627 Stop emphasizing with mee. I've provided you with the number - +234 807 683 5245 - not fewer than 3times. Afterwards, you still resubscribed mee to the unsolicited services and deducted my money. @104856 @117626 @7475 @104937 @120330 @127588 @562660",non_actionable_or_context_required,0.1226267319713694,"The VAS on your line has been deactivated. For full VAS DND, please contact us directly. We acknowledge your concern and will investigate further.",1,1,1,1,1,1,False,"The reply contradicts the customer's claim that services were resubscribed and money deducted, and offers no actionable resolution or acknowledgment of the specific issue raised.",success,
G031,"@GloCare Would he/they refund the airtime?  I have used the live chat portal, still on Twitter, now Mail. If @GloCare  cannot provide the needed​ assistance, i think you should just tell me. I'm new on the network. I wouldn't want​ to waste my time and effort chasing after the wind.",data_plan_issue,0.13349378476607335,"Airtime refunds are not currently available. We apologize for the inconvenience. If you have a specific plan or transaction in mind, please share details so we can assist further.",3,1,3,5,5,3,False,"The reply states a policy without supporting evidence from retrieved historical interactions, and the claim about no airtime refunds is not grounded in the available data.",success,
G032,@GloCare  okk. I've sent in my complaint,non_actionable_or_context_required,0.12344778672258398,May we have your number and the nature of your complaint?,3,1,3,5,5,3,False,"The reply asks for information but does not acknowledge or address the customer's stated action of having already sent a complaint, making it incomplete and inconsistent with the context.",success,
G033,@GloCare Yet to receive my N100. Pls refund!,data_plan_issue,0.11984124691646648,We apologize for the delay in receiving your N100. Our team is currently working on this issue. Please bear with us. Thank you.,1,1,1,5,5,1,False,"The reply does not acknowledge the customer's request for a refund, which is the core of their message, and fails to address the actual issue raised.",success,
G034,@117627 @GloCare Please confirm if 08118280516 is 4G simcard,non_actionable_or_context_required,0.1447321013135295,4G is active on the sim card.,1,1,1,1,5,1,False,"The reply makes a claim about the sim card being 4G without any evidence or context, and the historical evidence provides no support for such a statement, making it ungrounded and incorrect.",success,
G035,@GloCare how does one transfer credit from one phone to another?,recharge_or_airtime_issue,0.15068633105911353,"To transfer credit from one GLO phone to another, dial *131*recipient's phone number*amount*password#. For example: *131*08155570458*75*12345#. Your default password is 00000.",1,1,1,1,1,1,False,"The reply provides a specific transfer instruction, but there is no historical evidence to support it, and the procedure is not verified as valid or accurate in GloCare's documented policies.",success,
G036,Please and please epp my solution @GloCare  this your network is crawling 😭😭,network_issue,0.14834333752327544,"We're experiencing network issues and would like assistance. Could you please provide your number, device type, and exact location so we can investigate? Thank you.",5,3,5,5,5,5,True,"The reply accurately acknowledges the issue, requests necessary details for investigation, and is concise and safe without fabricating or misleading information.",success,
G037,@GloCare please is glo me2u not functioning again? I want to transfer credit,account_or_general_support,0.1201011792212887,Could you please share the error message you receive when trying to transfer credit? This will help us assist you better. 🙏,5,3,5,5,5,5,True,The reply accurately asks for critical information to diagnose the issue without making unsupported claims or inventing policies.,success,
G038,@GloCare Though 2G can't be reached.... I can be reached on my 3G phone on 08053355365,network_issue,0.11746076116471102,The issue has been escalated for resolution. Kindly provide your exact location and device type for faster assistance.,3,1,3,5,5,3,False,"The reply does not acknowledge the customer's specific claim about 2G being unreachable while 3G works, and lacks grounding in historical evidence or actionable steps related to network issues.",success,
G039,@GloCare I have restarted my phone a million times. It's not a restart problem. It's a network problem. It's back now though,recharge_or_airtime_issue,0.13036901493100203,"May we have your cellphone number, device name, and model so we can assist you further with your network connectivity issue?",5,3,5,5,5,5,True,"The reply accurately addresses the customer's network issue by requesting necessary details for assistance, without making unsupported claims or fabricating information.",success,
G040,"@GloCare I have done all these your device tyre ,off and on,restart your device and change to 3G only all these these did not work...even one your guys told me the fault is from your end .common its talking long for christsake",data_plan_issue,0.12920256330891303,"Hello Irohvincent, to better assist you, could you please share your phone number, the exact error message (if any), your location with landmarks, and the type of device you're using? This will help us investigate further. Thank you.",3,1,5,5,5,3,False,"The reply asks for detailed information but lacks grounding in any historical evidence or support for the claim that the issue is from GloCare's end, making it incomplete and not aligned with the customer's frustration about a device-side fault being attributed to the provider.",success,
G041,"@GloCare We are having difficulties using your network for the past two days now. We can't check balance, we are having call drops and the worst is",network_issue,0.13748026212158287,"We apologize for the inconveniences experienced. Network engineers are currently investigating the issue. To better assist you, could you please provide your phone number and your location?",5,3,5,5,5,5,True,"The reply accurately acknowledges the issue, offers a plausible explanation, and requests necessary information to assist further without overstepping or fabricating details.",success,
G042,@GloCare  OK,sim_or_device_issue,0.13926508446776276,Okay. Thank you.,1,1,1,5,5,1,False,"The reply does not address the customer's issue at all and provides no actionable response, failing to meet basic correctness and helpfulness standards.",success,
G043,@GloCare No improvement yet pls.,data_plan_issue,0.13971800675628177,"Our engineers are still working on the issue. To better assist you, could you please share your number, device type, exact location with landmark, and any error messages you've seen? Thank you.",5,3,5,5,5,5,True,"The reply accurately acknowledges the ongoing issue and requests specific, actionable information to assist further, without fabricating or misleading claims.",success,
G044,"@GloCare Hello my subscription was stopped days before it was supposed to expire,called your customer care twice stayed on the phone for 22 minutes no response.",data_plan_issue,0.1277691550787932,"Kindly dial *127*0# or send INFO to 127 to check your data balance and validity. Your plan may expire based on validity date or data volume usage. For assistance, please provide your number so we can assist you further.",3,1,3,5,5,3,False,"The reply does not address the customer's claim of a stopped subscription or lack of response from customer care, and offers no actionable resolution or reference to historical evidence.",success,
G045,@GloCare @227840 Wetin happen. You guys are charging me for iflix after using for less than 60 days. Kilode? Iflix finished my last day subscription I didn't notice until I resubscribed and saw data dropping fast as I use iflix. Please what's the rule? 08051891193.,data_plan_issue,0.13544725803458027,"Good morning, Damilola. The Iflix service is free for the first 60 days of your data plan, but streaming uses your data bundle. You can access Iflix during this period, but data will be deducted as you use it. More details here: ^GM",3,1,3,5,5,3,False,"The reply incorrectly states that Iflix is free for the first 60 days without evidence, and fabricates a policy not supported by retrieved historical data.",success,
G046,"@GloCare Hello guys. I bought a SIM this afternoon, registered it at a GLO Dealer outlet. I was promised that it be activated in 1 hour but I am yet to see activation. Kindly let me know what to do...",sim_or_device_issue,0.11921482093004736,Kindly provide your number and the serial number of the SIM for us to check on the activation status. Thank you.,5,3,5,5,5,5,True,"The reply accurately addresses the customer's concern by requesting necessary information to verify activation status, which is a standard and safe next step.",success,
G047,@117627  Data service is just too poor. @GloCare please tell me how are you grandmasters of data. This tweet was sent using @5566 network,data_plan_issue,0.1423259331656933,"We sincerely apologize for the inconvenience. To better assist you, could you please share your phone number, device type, and exact location? This will help us investigate the data service issue for you.",5,3,5,5,5,5,True,"The reply accurately acknowledges the concern, requests necessary details for investigation, and avoids making unsupported claims or fabricating system access.",success,
G048,@145588 @7693 @117627 @GloCare Please to inform you @117627 &amp; @145588 that your data connectivity in Apete by Yidi Road is worst that has imprisoned me and outcast my update on news as the data network needs 2b improve in d area please to allow me enjoy my data,data_plan_issue,0.14717743545659304,We apologize for the poor data connectivity in Apete by Yidi Road. We are aware of the issue and our network engineers are working to resolve it. Kindly bear with us as we work to improve the service. EE,1,1,1,1,1,1,False,"The reply does not acknowledge the customer's specific concern about data being 'imprisoned' or affecting news updates, and makes no reference to any actual network improvement actions or timelines, despite no historical evidence being retrieved to support such claims.",success,
G049,"@GloCare there's no flooding network in some areas of Ado-Ekiti. From Ijigbo Junction up to Oke Ureje is a complete black spot. No network at all both for call and data. Please,  I have a good spot to erect your master if this will resolve the issues. It's very bad. Please assist",network_issue,0.1566677649010285,"Hello Oluwagbenija, we appreciate your feedback. To assist further, kindly send an email to __email__ GA with your location and contact details. This will help us assess and address the issue promptly.",3,1,3,5,5,3,False,"The reply does not acknowledge the specific network gap or offer any actionable solution based on retrieved evidence, and no historical data supports the suggested email route or action.",success,
G050,"@GloCare Please I'm not talking about data bonus. I'm talking about credit bonus, the one you check with #122*2#
Read my tweet well",bonus_or_promotion_issue,0.13937797177239994,"Morning, we apologize, but we're currently unable to access your account due to system maintenance. Please check back later.",1,1,1,5,5,1,False,"The reply fails to address the customer's specific inquiry about the credit bonus and does not reference the #122*2# formula or any known credit bonus policy, making it irrelevant and incorrect in context.",success,
G051,"@GloCare I borrowed #200 and recharged #400 card, and bought #200 data only for glo to deduct #100 from my account again. My number is 07054544145.",unauthorized_charge_or_vas,0.1258256397221428,100 naira was debited yesterday as repayment for the loan taken. ^GM,1,1,1,1,5,1,False,"The reply makes no claim about the customer's specific transaction or provides any actionable response, and there is no supporting evidence in the retrieved history to validate the statement.",success,
G052,"@GloCare my mobile #08159821678...I just recharge 1400 - was goin to load anoda 1100 so I can activate d (5gb) 2500 data plan, pls is there anything u can do to help?",data_plan_issue,0.12607187048775712,"Hello Chubby, to help you switch to the 5GB 2500 data plan, please send CANCEL to 127 to deactivate the data auto-renewal service on your line. This will allow you to change your subscription.",1,1,1,1,1,1,False,The reply invents a procedure (sending 'CANCEL to 127') with no support in the retrieved historical evidence and does not address the actual issue of activating a data plan after a recharge.,success,
G053,"@GloCare please I need u assist me. When ever they are is money on you used to deduct it and I can remember subscribing to any news, advert or any",data_plan_issue,0.12499312279861954,We apologize for the inconvenience. Could you please provide your mobile number so we can assist you with your data charges? #GloEverydayBonanza #TeamUnlimited,3,1,3,3,5,3,False,"The reply does not address the customer's concern about data charges being deducted for ads or news, and lacks grounding in historical evidence or policy, making it incomplete and speculative.",success,
G054,"@GloCare Please check my combo bundle balance for Int'l calls for 1000k subscription bcoz anytime I check through *777#,#122*1# no ans nr 07059646781",non_actionable_or_context_required,0.12847760930498792,"To check your combo bundle balance for international calls, please dial *122*1# instead of *777#. If you're still unable to access it, kindly confirm when you subscribed to the 1000k combo plan.",3,1,3,5,5,3,False,The reply provides a correction to the dial code but lacks any grounding in historical evidence and does not address the customer's specific subscription or balance inquiry.,success,
G055,@GloCare @117627 Please why can’t I buy internet data? Been trying this since last night?,data_plan_issue,0.12798932530740628,"We apologize for the inconvenience. Our team is aware of the issue and working on it. To assist you better, could you please share your mobile number and the error message you're receiving?",3,1,3,5,5,3,False,The reply acknowledges the issue but lacks specific grounding in historical evidence and does not address the root cause of the data purchase failure.,success,
G056,@GloCare This is the sub I did (the first one) only to get 1636mb. Please! Whats up.?.?! https://t.co/A50adS4T5F,unauthorized_charge_or_vas,0.14583389570805327,Kindly confirm when your previous plan expired so we can assist you better.,1,1,1,5,5,1,False,"The reply does not address the customer's reported issue of receiving only 1.6GB of data, which was the core of their complaint, and fails to acknowledge or resolve the specific data allocation concern.",success,
G057,"@GloCare @469054 My data is paused and is on a weekend plan, I want to switch back to my normal data plan . How please?",data_plan_issue,0.15611245496585832,"Hello, To assist you with switching back to your normal data plan, could you please share your cellphone number? Thank you.",3,1,3,5,5,3,False,"The reply asks for a cellphone number but provides no information about the process, eligibility, or timeline for switching data plans, making it incomplete and lacking grounding in historical evidence.",success,
G058,@GloCare @117627 please what is going on ? I'm trying to renew my data bundle and It's not working.  As usual your customer care line never works!!!! Always held up🙄 please can you do something?,data_plan_issue,0.12801003200085345,We apologize for the inconvenience. Our team is aware of the issue with data bundle renewals and is working to resolve it. Kindly check again later or provide your phone number so we can assist you directly.,3,1,3,5,5,3,False,The reply lacks specific grounding in historical evidence and does not address the actual issue of data bundle renewal failure with actionable steps or system-level context.,success,
G059,"@GloCare pls Dear customer, a warm welcome of N200200 Free Airtime is yours. Since o, my normal bonus if I recharge, I nor dey c am again o.. Pls help",data_plan_issue,0.11907729592378694,Could you please clarify what you're experiencing so we can assist you better?,3,1,3,5,5,3,False,"The reply is concise and safe but lacks grounding and fails to address the customer's specific issue about missing bonus airtime, which is central to their message.",success,
G060,"@GloCare please I made a recharge of #1500,yesterday only to see #95 as my balance",non_actionable_or_context_required,0.11213898215213376,"Good morning, may we have your number for clarification on the discrepancy in your balance? Thank you.",5,3,5,5,5,5,True,"The reply accurately acknowledges the customer's concern and requests necessary information to resolve it, without making unsupported claims or violating safety protocols.",success,
G061,@GloCare @232556 @117627 Good Evening. Please help to scan my line and remove what do deduct my credit. Thank,account_or_general_support,0.15520762772073074,Kindly send in your number so we can assist you. Thank you.,5,3,5,5,5,5,True,The reply accurately requests the necessary information to assist the customer without making unsupported claims or violating safety protocols.,success,
G062,"@GloCare Hello,
I just cleared my BMC account of #200 but few mins later I was notified again to still be owing.
Pls can you run a check",sim_or_device_issue,0.11142855543155122,Kindly send in your number for a check.,3,1,2,5,5,3,False,"The reply does not address the customer's specific issue of being notified of an outstanding balance after clearing it, and lacks any grounding in historical evidence or policy.",success,
G063,@GloCare unable to make calls or send message again. Error response: call drop.Please its becoming annoying complaining everyday.08079053766,network_issue,0.11782974111568104,"Dear Femi, we sincerely apologize for the inconvenience. Kindly switch off and on your device after five minutes then try again. We’re also looking into this issue and will keep you updated. PE",3,1,3,5,5,3,False,The reply offers a generic troubleshooting step with no evidence support and does not acknowledge the customer's frustration or provide a clear path forward.,success,
G064,"@glocare! Good morning! Want to migrate to call unit of 20/s, what the code pls. Th,ks",account_or_general_support,0.1365162603198102,Could you please confirm which package you'd like to migrate to?,3,1,3,5,5,3,False,"The reply does not address the customer's specific request for the code to migrate to 20 calls per second, and lacks grounding in any historical evidence or known policies.",success,
G065,"@GloCare That was the response. Do I have to keep recharging, or what? I don't get it please.",sim_or_device_issue,0.11932219749504502,Recharge more to unlock additional benefits. Dial #122*23# to view your unlocked bonus. ^GM,1,1,1,1,5,1,False,"The reply makes no reference to the customer's actual issue—recharging or device status—and offers a vague, unsupported claim about 'unlocked benefits' with no evidence in the retrieved history to back it up.",success,
G066,"@GloCare I call 124, still is the same thing. my call can not be completed please contact customer care.",sim_or_device_issue,0.12007442265647852,"Hello Ibrahim, we apologize you're still experiencing this issue. It has been escalated to the appropriate team for assistance.",3,1,3,5,5,3,False,"The reply does not address the specific issue of call completion or provide actionable next steps, and lacks grounding in historical evidence or system-level support for call routing.",success,
G067,@GloCare please Globacom how will i activate my deactivated line ? If i load a Card will it activated ?????,data_plan_issue,0.1337711550068647,"For a deactivated line, please visit the nearest Gloworld with N100, your sim certificate, and a valid identity card. Thank you.",3,1,3,5,5,3,False,The reply provides a solution but is not grounded in any retrieved historical evidence and contains unsupported claims about visiting a Gloworld with specific items.,success,
G068,Dear @GloCare why am I still getting messages from 8888 after I've fully activated DND? Kilode Gan sef😠,non_actionable_or_context_required,0.11864889318343454,Good morning. Kindly text STOP to 8888 or provide your number for assistance. Thank you. FA,1,1,1,1,5,1,False,"The reply does not acknowledge that the customer has already activated DND and instead provides a generic instruction that does not address the core issue or confirm DND status, making it factually and contextually incorrect.",success,
G069,@GloCare I wish to why I was deactivated from using the *200# package. I never knew when I stopped from using it,sim_or_device_issue,0.12208354367625532,Kindly provide your phone number so we can investigate your *200# package deactivation. Thank you.,5,1,3,5,5,3,False,The reply is concise and safe but lacks grounding in historical evidence and does not address the customer's specific concern about deactivation reasons.,success,
G070,@GloCare thankz. But dey didn't give me any bonus as i bought new jumbo sim yesterday with #1100 Recharge card.,sim_or_device_issue,0.12251152523658816,Please dial #122*23# to view your unlocked JUMBO bonus. 📱,1,1,1,1,5,1,False,"The reply provides no evidence that a JUMBO bonus is available or tied to a #1100 recharge, and the historical evidence does not support this claim.",success,
G071,"@GloCare Hello glo, your I bought your sim, but it charges me me too high almost 30 per minute, airtel charge me less than 8naira per minute, what should I do to get good rate? I can’t deal with this high charge.",sim_or_device_issue,0.131593376836419,Kindly dial #100# to check your current package. Then visit to review our plans and select one that suits your needs.,3,1,3,5,5,3,False,"The reply does not address the core issue of high per-minute charges or compare rates with Airtel, and lacks support from retrieved historical evidence.",success,
G072,"@GloCare, ""Connection problem or invalid mmi code"" is what I see as I tried recharging 08072006674. Is *123*pin# no longer working? Thanks",unauthorized_charge_or_vas,0.15506603536245098,We apologize for the inconvenience. The *123*pin# code is still valid. Please call 123 and follow the voice instructions to recharge.,1,1,1,1,1,1,False,"The reply makes no claim about the validity of *123*pin# based on any retrieved evidence, and provides no actionable guidance for resolving the connection or mmi issue.",success,
G073,"@GloCare Cell no- 07051883771; Location- Surulere, Lagos; Device name- BlackBerry: Device model- Q10; APN- gloflat; username &amp; password-flat",network_issue,0.12708757775669366,"Gabriel, we apologize for the inconvenience. Your line is active, but we recommend verifying your data subscription status. If it has expired, please subscribe and we’ll assist further. Thank you.",3,1,3,5,5,3,False,"The reply does not address the specific APN, device model, or username/password configuration issues raised by the customer, and lacks support from retrieved historical evidence.",success,
G074,"@GloCare  I dnt understnd y, after a prper sim reg. I cant retrieve my sim at #Gloword because of 🆔 card despite providing a civil servnt 🆔.",sim_or_device_issue,0.16070651476112502,"Good evening, to assist you further, could you please share your phone number so we can check your account and service status?",3,1,3,5,5,3,False,"The reply does not address the core issue of being unable to retrieve a SIM due to a 'card' despite providing a civil servant card, and lacks grounding in historical evidence or policy.",success,
G075,"@GloCare 
Hello, can we plz have some reprieve to network quality in Graceland, Zaria, Kaduna State? 
It's embarrassingly slow n unstable.",network_issue,0.14434798578594962,"We apologize for the inconvenience. We are aware of the network issues in Graceland, Zaria, Kaduna State and it's being addressed. For a more tailored response, could you please share your phone number and device type? EE",3,1,3,1,5,2,False,The reply lacks specific evidence or historical grounding and fabricates a response from an entity (EE) not referenced in the retrieved data or customer context.,success,
G076,"@GloCare URGENT! I have not had network in my house area (somewhere in Rumuodara,PHC) for months. Which kain wahala be this? Once i get back from work i cant call or use data on my Glo line.",network_issue,0.12578575992664315,"We apologize for the inconvenience. To assist you quickly, kindly provide your mobile number, device type, exact location with landmarks, and how long you've been experiencing the issue. Thank you.",5,3,5,5,5,5,True,"The reply accurately acknowledges the issue and requests clear, actionable information to resolve it without making unsupported claims.",success,
G077,"@GloCare @191307 Is there any 4g site around Egbeda, new Ife road Ibadan?",non_actionable_or_context_required,0.12410921308917224,"Yes, there is 4G coverage along Egbeda-Atuba Road, Ibadan, Oyo State.",1,1,1,1,1,1,False,The reply fabricates coverage information for a route not mentioned in the query and lacks any supporting evidence from historical interactions.,success,
G078,"@GloCare @117627 
I load card and subscribed u telling me e never work that all these time am using my money de browse ? i DM u guys ‘ una de do me like hausa girl una no even wan pick my calls 
No be by force to use Glo oo 
God punish all of una 🚶🏿✌🏿
Hi @118424 🤚🏿",data_plan_issue,0.12054255978327891,Could you please provide your mobile number so we can investigate your subscription and data plan issue? 🙏,3,1,3,5,5,3,False,"The reply does not address the customer's frustration or the specific claim about being ignored, and lacks grounding in historical evidence or policy support.",success,
G079,"@GloCare if a friend share his data with me ,does it indirectly means I share mine with him too ?",data_plan_issue,0.14104261345775226,"No, if a friend shares their data with you, it does not mean you're sharing your data with them.",5,3,5,5,5,5,True,The reply accurately and clearly addresses the customer's concern without making unsupported claims or fabricating policies.,success,
G080,How can I have 4095mb of glo data as at 13th November and today 22nd I'm left with only 200mb haba @GloCare which kind 419 be this?,data_plan_issue,0.12034957917075585,We kindly request you monitor your data usage. You may want to check if you have any number(s) sharing data with you.,3,1,3,5,5,3,False,"The reply does not address the customer's specific concern about a significant data drop or explain the discrepancy in data allocation, and no historical evidence supports the suggestion of data sharing as a cause.",success,
G081,"@GloCare that Streaming #YouTube video from 1am-5:30am is it still on ?
Because I always buy data of #2.5k",data_plan_issue,0.12003045310071318,"Yes, YouTube streaming is still available from 1am to 5:30am on your data plan. If you have a data plan of #2,500 or above, you're eligible for free streaming during that time. Let us know if you need help checking your plan details.",1,1,1,1,1,1,False,"The reply makes a claim about free streaming during specific hours for data plans of #2,500 or above, but no historical evidence supports this policy, and the intent confidence is very low, indicating a high risk of misinformation.",success,
G082,"@GloCare Yeah, but will the extension retain the unused data and take it over to the next month?",data_plan_issue,0.14557168393952874,"Yes, unused data from your plan will carry over to the next month if you extend your plan. Just resubscribe before it expires to keep your data. OO",3,1,3,5,5,3,False,"The reply claims data carryover without evidence from historical interactions, and the claim is not supported by any retrieved data or policy references.",success,
G083,"@GloCare just bought 1000 data and instead of 3.2gb I saw 1648mb on 07059556635 Wi-Fi modem, what's happening?",data_plan_issue,0.13512911526160687,"You're receiving 1.6GB initially on your 1000 data plan, with the full 1000 data bonus available after auto-renewal. A 7-day grace period is provided for renewal. For your specific number, please share your mobile number so we can verify your plan details. ET.",1,1,1,1,1,1,False,"The reply invents a '7-day grace period' and '1.6GB initially' without any evidence in the historical data, and fails to explain the discrepancy between 1000 data and 1648MB (1.6GB) as a conversion or policy issue.",success,
G084,"@GloCare I got a message that I should dial x100x6x1#,hope it wouldn't affect my package of #2500 for 10G data?",data_plan_issue,0.12349289557874225,"Morning Johnson, could you confirm if you're considering migrating to the Gbam Extra package? This dial-up code is typically part of a package upgrade or change.",1,1,1,1,1,1,False,"The reply invents a package upgrade (Gbam Extra) without evidence and does not address the customer's concern about data package impact, making it incorrect and ungrounded.",success,
G085,No glo network since 6pm ...@GloCare what's up?,network_issue,0.1522029088866147,We're experiencing no network since 6pm. Could you please share the error message or advise on next steps? Revert via DM.,3,1,3,5,5,3,False,"The reply incorrectly implies the company is experiencing a network outage, which is not supported by any historical evidence or customer context.",success,
G086,@GloCare good morning.. Why is my GLO network poor??? Since on Friday up till now showing me emergency call only. Pls. 08052515535,data_issue,0.12081383813899728,"We apologize for the inconvenience. Kindly provide your phone number, exact location, and device type so we can assist you further.",3,1,3,5,5,3,False,"The reply does not address the customer's specific issue of poor network and emergency call-only connectivity, which is central to their concern, and lacks grounding in any historical evidence or known policies.",success,
G087,@GloCare @170399 what sort of network is this? over 7hrs I've been trying to subscribe. network engineers have been working since 6am,network_issue,0.16048178675751262,"We understand your frustration. Could you please share your exact location, device type, and any error message you've received? This will help us assist you better. ET",5,3,5,5,5,5,True,"The reply accurately acknowledges the customer's frustration and requests specific, actionable information to resolve the network issue without making unsupported claims.",success,
G088,"@GloCare Network status? Worst! I Just replying 2 days later means, everything was shot down till last night, hope this last past 12 noon.",network_issue,0.15290265056929214,"We apologize for the inconvenience. To better assist you, could you please share your phone number, device type, exact location, and the error message you're seeing? This will help us investigate further.",3,1,3,5,5,3,False,"The reply does not address the customer's reported network issue or provide any actionable response to their concern about service disruption, despite the historical evidence being empty and no prior context available.",success,
G089,"Am I d only one ""enjoying"" ds very poor network from @117627? So terrible. @GloCare @145585",network_issue,0.15696940556601416,"To better assist you, could you please share your phone number, device type, exact location with a landmark, and the signal strength you're seeing? This will help us investigate the issue promptly.",5,3,5,5,5,5,True,The reply accurately asks for necessary details to investigate a network issue without making unsupported claims or violating privacy.,success,
G090,@GloCare I have recharge but can't access my bonuses. Why?,recharge_or_airtime_issue,0.1110197277506898,Kindly dial #122*35# to check your bonus access. Thank you.,1,1,1,1,5,1,False,"The reply provides no evidence or context to support the claim that dialing #122*35# resolves bonus access issues, and no historical evidence exists to validate this instruction.",success,
G091,"@GloCare i did not apply for any #service. Dear User, your billing for Glo Gamestore has failed due insufficient balance. Please recharge",recharge_or_airtime_issue,0.11616609814488729,Kindly provide your phone number so we can assist you further. ET.,1,1,1,1,5,1,False,"The reply does not address the customer's claim of not applying for any service or the billing failure, and fails to provide any actionable resolution or reference to available policies or evidence.",success,
G092,@GloCare That's not what I have problem with please. Fix this deductions thing.,unauthorized_charge_or_vas,0.11418804786334436,Please provide your mobile number so we can assist you with the deductions issue.,3,1,3,5,5,3,False,"The reply does not address the customer's specific issue with deductions, and there is no historical evidence to support the claim that mobile number is required for such assistance.",success,
G093,"@GloCare haba, my glo 4g lte wanna kill me this month since i subscribed. It doesnt go again, im tired pls help 😩😭😭😭",sim_or_device_issue,0.1200385433646555,"We empathize with your frustration. To assist you better, could you please share your phone number, device type, and exact location? This will help us investigate the issue. 😊",5,3,5,5,5,5,True,"The reply accurately acknowledges the customer's frustration, requests clear and actionable information, and avoids making unsupported claims or fabricating system access.",success,
G094,@GloCare but one things remains. I am a victim of unsolicited deductions. Please deactivate all deductions on 0815699716,network_issue,0.1269595509863799,"We understand your concern about unsolicited deductions. To assist you, could you please confirm the correct number associated with your account? This helps ensure we address the issue accurately. SG",3,1,3,5,5,3,False,"The reply does not address the specific request to deactivate deductions, and there is no historical evidence to support any action on deductions, making the response incomplete and ungrounded.",success,
G095,@GloCare As a matter of fact I didn't download any song So please deactivate any caller tunes and VAS or song as a matter of urgency .thanks,non_actionable_or_context_required,0.12398909654769008,Your Caller Tune service has been deactivated. Stay Unlimited!,1,1,1,1,5,1,False,"The reply makes an unsupported claim about deactivating a service without evidence or policy basis, and 'Stay Unlimited!' is not a recognized service or valid response to the request.",success,
G096,@GloCare Please can i know the meaning of DND list,non_actionable_or_context_required,0.1269143486640853,DND stands for Do Not Disturb. It means you won't receive unsolicited calls or messages. Let me know if you'd like help with deactivating or managing it.,5,3,5,5,5,5,True,The reply accurately defines DND and offers a clear next step without fabricating or misrepresenting any system details.,success,
G097,@GloCare hi would like to deactivate my glo camp-boost plan,account_or_general_support,0.14388730035658165,"Hello, I'd like to deactivate my Glo Camp-Boost plan. Could you please confirm if I need to take any specific steps or send a message to a designated email?",1,1,1,1,1,1,False,The reply does not address the customer's request to deactivate the plan and lacks any reference to available procedures or supported actions from historical evidence.,success,
G098,@GloCare pls i want to remove a no. From glo gifting how do i do that,data_plan_issue,0.15065593683872733,You can remove a shared number by dialing *127*02*[friend’s number]# or sending “Remove [friend’s number]” to 127. Let me know if you need help with the exact number.,1,1,1,1,1,1,False,"The reply provides no evidence to support the claimed actions, and the retrieved historical evidence is empty, making all claims unsupported.",success,
G099,"@GloCare please where can I locate glo office near University of Ibadan environs.
Need to retrieve my lost sim card ASAP. Thanks",sim_or_device_issue,0.1366956859364528,"Hello, Ijeoma. The nearest Glo office near University of Ibadan is at Conoil Filling Station, Sango/Eleyele Road, beside Polytechnic South Campus gate, Ibadan. Please visit with a valid ID to retrieve your lost SIM card.",1,1,1,1,1,1,False,The reply provides a location but is not supported by any retrieved historical evidence and contains no verified information about Glo office locations near University of Ibadan.,success,
G100,"@GloCare I rchrgd N500 wt *323*PIN# bt none of my accts ws credited, made 2 kols to 121 yet not credited abt 7hrs now. 08050597950.",recharge_or_airtime_issue,0.12023552521232707,"Good morning. To assist you better, could you please share the recharge card serial number? Thank you.",3,1,3,5,5,3,False,"The reply asks for a serial number, but there is no historical evidence to support this request, and the customer's issue involves a failed recharge and delayed credit, which is not addressed.",success,
G101,What are the requirements for retrieving a lost sim @GloCare,sim_or_device_issue,0.1361544302451053,"To retrieve a lost SIM, you'll need to visit any Gloworld/Glo Zone outlet with a valid form of ID, at least N100, and either the SIM pack or an affidavit confirming ownership and loss. You'll also need to provide 5 frequently dialed numbers. Could you please share the type of SIM you're referring to (e.g., lost, damaged, or original)? This helps ensure we assist you accurately.",3,1,5,5,5,3,False,"The reply invents requirements like 'affidavit confirming ownership and loss' and '5 frequently dialed numbers' not supported by any historical evidence, undermining groundedness and correctness.",success,
G102,@GloCare *123*pin#,non_actionable_or_context_required,0.1437396226442417,Please provide your card serial number so we can assist you further. UO,3,1,2,5,5,3,False,The reply asks for additional information but lacks grounding in historical evidence and does not address the likely intent of a PIN-related action.,success,
G103,"@GloCare i went to ur office to change my sim to Nano sim, after presenting my sim n idcard, d lady there said I mst bring an affidavit",sim_or_device_issue,0.15429259949293056,You will need an affidavit for SIM replacement as per regulatory requirements. Please contact us for assistance with this process.,3,1,2,5,5,3,False,"The reply claims a regulatory requirement for an affidavit without evidence in the retrieved history, and does not provide actionable next steps or clarify the customer's situation.",success,
G104,"@GloCare I don't have the Sim pack but, I have a valid ID",sim_or_device_issue,0.13527478478737537,Kindly get a sworn affidavit to support your request. Thank you.,1,1,1,1,5,1,False,"The reply does not address the customer's actual issue or provide any actionable step, and there is no evidence in the historical data to support the claim of requiring a sworn affidavit.",success,
G105,"@GloCare Please, I want to complain about the poor service in my area. If I put on 3G service it shows emergency calls only.  PLEASE HELP!",data_plan_issue,0.12486758463987367,"We're sorry to hear you're experiencing this issue. To better assist, could you please share your phone number, device type, and location?",5,3,5,5,5,5,True,"The reply accurately acknowledges the issue and requests specific, actionable information to resolve it without making unsupported claims.",success,
G106,@GloCare Glo charges me 0.24 per secs same network cos I called glo line for 5 secs and was charged 1.2 /5secs =0.24 x60 =N14. 4 per min.,unauthorized_charge_or_vas,0.12044429688710166,"Hello, may we have your number for clarification? Thank you. IQ",1,1,1,1,5,1,False,"The reply does not address the customer's claim of unauthorized charges or provide any resolution, despite the intent being unauthorized_charge_or_vas.",success,
G107,@GloCare Kindly help deactivate auto renewal on my line. I have tried to do so via text messages it wasn't going. My phone no: 08056341036,data_plan_issue,0.12466464995048449,Kindly confirm the service you'd like to deactivate auto renewal for. Thank you.,3,1,1,5,5,3,False,"The reply fails to address the customer's specific request to deactivate auto renewal, instead asking for clarification without offering any actionable next step or support, and no historical evidence supports this response.",success,
G108,"@GloCare Your call cannot be completed at the moment, please try again later",network_issue,0.12194599474998258,"Your call cannot be completed at the moment, please try again later. To assist you better, could you please share the number you're trying to call and your line number?",5,3,5,5,5,5,True,"The reply accurately reflects the system's response and adds a helpful, safe request for context without inventing facts or making unsupported claims.",success,
G109,@GloCare pls my line got blocked while trying to input my code,data_plan_issue,0.12486878918582302,"Apologies for the inconvenience. Since SIM block issues are handled by security teams, we recommend calling 121 or visiting Gloworld for assistance. Thank you.",5,3,5,5,5,5,True,"The reply accurately addresses the issue by directing the customer to appropriate support channels, with no fabricated or unsupported claims.",success,
G110,"@GloCare I don't want messages about recharge to get bonus etc, it comes in every morning and it's really disturbing",bonus_or_promotion_issue,0.12052829432026134,Kindly send STOP to 2442 to stop unsolicited messages about recharges and bonuses. This will help reduce the daily notifications you receive.,3,1,3,3,5,3,False,"The reply provides a generic instruction without evidence that such a service exists or is supported by GloCare's policies, and the claim about 'send STOP to 2442' is not grounded in any retrieved historical evidence or official policy.",success,
G111,@GloCare I'm having issues recharging my glo line. I need help pls,data_plan_issue,0.127885406440299,Good evening. We apologize for the inconvenience. The issue is being resolved. Please bear with us. FA,1,1,1,1,5,1,False,"The reply does not address the customer's specific issue of recharging their Glo line, lacks actionable steps, and is incomplete or vague.",success,
G112,@GloCare I currently do not have sufficient credit to make the call,recharge_or_airtime_issue,0.1216681413716496,"We apologize. To assist you better, kindly provide your number, device type, and exact location. This will help us investigate the issue promptly. Thank you.",3,1,3,5,5,3,False,"The reply asks for personal information without addressing the core issue of insufficient credit, and there is no evidence in the historical data to support the request for number, device, or location as a valid troubleshooting step for airtime issues.",success,
G113,"Hello @gloCare 
I don't receive SMS on my line. Please kindly correct",non_actionable_or_context_required,0.11272128801162157,"Try restarting your phone without the SIM, then reinsert the SIM and send a test message to your line. If the issue continues, please reply with your line number so we can assist further.",3,1,3,5,5,3,False,"The reply offers a generic troubleshooting step with no evidence from historical interactions to support it, making it ungrounded and incomplete.",success,
G114,@GloCare please kindly deactivate the Auto borrow me on dis line 07057946656 up,data_plan_issue,0.13300028371658998,"To deactivate Auto Borrow, please dial *321# and select Auto Borrow. When prompted, reply ""2"" to unsubscribe. You'll receive a confirmation once completed. GM",1,1,1,1,1,1,False,"The reply provides no evidence that Auto Borrow can be deactivated via *321# or that 'reply 2' is a valid action, and no historical evidence supports this instruction.",success,
G115,@GloCare @215975 Please unsubscribe entertainment factory on my line 0905 585 8471.,account_or_general_support,0.13137988072230755,"Hello, to unsubscribe from Entertainment Factory, please send STOP to 55357. Thank you.",5,1,5,5,5,5,True,"The reply correctly provides a clear, actionable step for unsubscribing and is concise and safe, though it lacks grounding in retrieved historical evidence.",success,
G116,@GloCare .THIS is sad cause am thinking of changing my line. not fair . What's happening wit ur network .,unauthorized_charge_or_vas,0.1368036844968856,"We empathize, and we’re aware of the concerns regarding network performance. To better assist you, could you please share the exact issue you're experiencing and your location? SG",3,1,5,5,5,3,False,"The reply addresses the sentiment but misaligns with the predicted intent (unauthorized_charge_or_vas) and lacks grounding in historical evidence, making it incorrect and unsupported in context.",success,
G117,@GloCare u guys wee just be deducting 1s money and if u now call u wee start hearing..u subscribed for certain plans... Issa lie o,data_issue,0.13212780525298537,May we know how much was deducted and when the deduction was made? Kindly provide your number for assistance. ET.,3,1,3,5,5,3,False,"The reply does not address the customer's claim of misleading deductions or subscription lies, and lacks grounding in historical evidence or policy support.",success,
G118,"@GloCare 3days old sim wit N400, plus bonus and jumbo. Only about 10mins call. No SMS, no internet. Calculate it",bonus_or_promotion_issue,0.11872034883714408,"Hello Oses, kindly provide your mobile number so we can assist you with your sim and bonus usage.",1,1,1,5,5,1,False,"The reply does not address the customer's specific issue of a 3-day-old SIM with limited features and a request to calculate bonus usage, missing the core intent entirely.",success,
G119,"@GloCare seems you guys now run shift with a data service I paid for. At night no network, in the morning it shows face.",network_issue,0.14356899270366924,"We apologize for the inconvenience. To better assist you, could you please share your mobile number and location? FA",3,1,3,3,5,3,False,"The reply does not address the customer's specific claim about network issues at night and morning, and lacks any grounding in historical evidence or policy support.",success,
G120,"@GloCare please guys, data browsing just stopped at egbeda/idimu/ikotun area . Alimosho Lagos. Full network bars but no browsing",network_issue,0.15819721659538402,"Work is ongoing to resolve the data browsing issue in Egbeda/Idimu/Ikotun, Alimosho, Lagos. We appreciate your patience while our engineers address it.",3,1,3,5,5,3,False,"The reply lacks specific grounding in historical evidence and does not confirm whether the issue is known or being actively investigated, making it incomplete and imprecise.",success,
G121,"@GloCare @700705 @117627 Bukuru, Jos. Loss of signal for &gt;6 hours. Tafawa Balewa, Jos. Loss of Internet service. This happens on a daily actually.",network_issue,0.13919741814768624,"Sincere apologies for the ongoing signal and internet service issues. To better assist you, could you please share your number, device type, exact location with a landmark, and any error messages you've seen?",5,1,5,5,5,5,True,"The reply accurately acknowledges the issue, requests clear information to diagnose, and does so in a safe, concise, and helpful manner without fabricating or misrepresenting any policy or system detail.",success,
G122,@GloCare ur data service at Lagos island is terrible. I can't browse since morning,data_issue,0.13509001422846723,"We apologize for the poor data service in Lagos Island. To assist you better, may we have your phone number, exact location with landmarks, and how long the issue has been ongoing?",3,1,5,5,5,3,False,"The reply is concise and helpful but lacks grounding in historical evidence and makes no specific claims about service resolution or timelines, which reduces its correctness and groundedness.",success,
G123,@GloCare help me check my line 08058011999 i ave megabyte but i pay for internet from the main acct,sim_or_device_issue,0.13154706180510964,"Ensure you have the correct APN settings: APN - Gloflat, Username - Flat, Password - Flat. Thank you. UO.",1,1,1,1,5,1,False,"The reply provides APN settings without any evidence in the historical data to support them, and does not address the customer's actual concern about data allocation or billing on a secondary line.",success,
G124,"Good evening guys, so i have been unable to browse properly with my Glo sim since Saturday @GloCare",sim_or_device_issue,0.1377363710890258,"We apologize for the inconvenience. To assist you better, could you please share your location (with nearest landmark) and phone number?",3,1,3,5,5,3,False,"The reply asks for location and phone number, but lacks any reference to known GloCare policies or actions for sim/device issues, making it ungrounded and incomplete in addressing the customer's specific concern.",success,
G125,"@airtel_care @GloCare Pls what is the cheapest data u have because all like other networks like glo, have 1000 for 3.5gb",data_plan_issue,0.15022714641528412,Please visit to see our latest data plans. UO,1,1,1,1,1,1,False,"The reply is incomplete, lacks specific information, and does not address the customer's query about the cheapest data plan with any actionable next step or supported detail.",success,
G126,"@GloCare pls no Glo network in OKEMESI ekiti,in ekiti west for d past 9days pls,we want to make call and browse ,find sometin do pls",data_plan_issue,0.1392775068752885,"We apologize for the inconvenience. To assist you better, could you please provide your mobile number, exact location with landmarks, LGA, issue duration, and device type? This will help us resolve the issue promptly.",3,1,5,5,5,3,False,"The reply is concise and safe, but lacks grounding in historical evidence and does not address the specific issue of network absence in OKEMESI, EKITI, which was raised by the customer.",success,
G127,@GloCare glo 09054590520. The last time I sub.  The message I received is that my data expires 2018. Why are yiu deducting my money na.,data_issue,0.14565504125483503,"Hello Sandra, we apologize for the confusion. Your data was exhausted today, and the charge was applied accordingly. For clarity, may we have your number so we can assist further?",3,1,3,5,5,3,False,"The reply incorrectly states that data was 'exhausted today' and applies a charge, contradicting the customer's claim that data expired in 2018 and money was deducted, with no historical evidence to support this claim.",success,
G128,"@GloCare 09056699203, the closest landmark is Royal glory hotel, kasmo area, Osogbo, Osun State, huwei honor 6, pls boost your browsing network,",network_issue,0.17815743464695388,"Hello, we're aware of your network issue and our team is working on it. For faster assistance, could you please confirm your full location with a clear landmark?",3,1,3,5,5,3,False,"The reply does not address the specific request to boost browsing network, and there is no evidence in retrieved history to support any action on network boosting or location-based service adjustments.",success,
G129,"@GloCare hey,i need help with my subscription...keeps redirecting me to dial *777# to knw more about data plans",data_plan_issue,0.14296970060858352,"We sincerely apologize for the inconvenience. We are currently undergoing an upgrade and this redirect may be part of that process. Kindly try again later. If the issue persists, we’d appreciate your number and subscription details to assist you further.",3,1,3,5,5,3,False,The reply lacks specific grounding in historical evidence and makes an unsupported claim about an ongoing system upgrade without any evidence in the retrieved data.,success,
G130,"@GloCare No browsing network for us here, and our data subscription is always like a waste.. 
U can carry out a survey on this.. Form itoki to ifo",network_issue,0.14202149628104302,"Morning, may we know your phone number, exact location with landmarks, and the specific error or issue you're experiencing? This will help us assist you better.",3,1,3,5,5,3,False,"The reply does not address the customer's reported network issue or data waste concern, and lacks grounding in historical evidence or relevant policies.",success,
G131,"@GloCare your network is a disgrace, embarrassing that I subscribe and can't even use my data",data_issue,0.17044549454090818,"We apologize for the inconvenience. To assist you better, could you please share your phone number and exact location (with landmarks)?",3,1,3,3,5,3,False,"The reply does not address the customer's frustration about data usage or network performance, and there is no historical evidence to support the request for personal details like phone number or location.",success,
G132,The worst network you could ever subscribe to its data is @117627 @GloCare @117626. You have data but you can't browse.,data_plan_issue,0.13075599831874218,"We apologize for the inconvenience. To assist you better, could you please share your phone number, exact location, and device type? This will help us investigate your data experience.",5,1,5,5,5,5,True,"The reply accurately acknowledges the issue, requests necessary information for investigation, and is concise and safe without fabricating or misleading claims.",success,
G133,"@GloCare pls am currently on #1000 3gb, i heard is now  4gb, hope on my next renewal is 4gb that i’ll see not 3gb as initial.",data_plan_issue,0.1289932282991812,"Yes, if you auto-renew within 7 days of expiration, you'll get 4GB. Otherwise, you'll get 1.6GB. Please confirm your renewal timing for clarity. UO",1,1,1,1,1,1,False,"The reply contains no evidence to support the claim about auto-renewal leading to 4GB or 1.6GB, and the historical evidence is empty, making the response ungrounded and materially incorrect.",success,
G134,@117627 @GloCare if u re having network issues inform ur customers. I thought I ve exhausted my bundle not knowing it's ur incompetence.,network_issue,0.12534586329250463,"Hello, we understand your concern. Could you please clarify the specific network issue you're experiencing? This will help us assist you better. Thank you.",3,1,3,5,5,3,False,"The reply does not acknowledge the customer's accusation of GloCare's incompetence or address the claim that the network issue stems from the company's failure, missing the core of the customer's frustration.",success,
G135,@GloCare  what is the code to stop getting your entertainment subscriptions finally?I send stop to 55357 only to be subscribed back to it.,data_plan_issue,0.13944782130179617,"Good evening, please text STOP to 55357 and STOP to 2442 to cancel all unsolicited services. If you continue to experience issues, kindly provide your number so we can verify and assist.",3,1,3,5,5,3,False,"The reply suggests a code (2442) not supported by any historical evidence, making it ungrounded and potentially misleading.",success,
G136,"@GloCare I'm talking of combo for international calling for 1000k subscription check d bal for me *777#,#122*1# isn't showing it nr is 07059646781",network_issue,0.11927002136749511,Could you please confirm when you subscribed to the 1000k combo plan? This will help us assist you better.,3,1,3,5,5,3,False,The reply asks a relevant follow-up question but lacks grounding in historical evidence and does not address the core issue of missing balance or subscription status.,success,
G137,@GloCare It's high time you pple should introduce social bundles/plan...,non_actionable_or_context_required,0.13273852994590862,We appreciate your feedback and will share updates on future plans with our management. Thank you for your input. UO,3,1,2,5,5,3,False,"The reply does not address the specific request for social bundles or plans, and lacks any grounding in historical evidence or official policy, making it incomplete and vague.",success,
G138,@GloCare why am I being asked for a court affidavit to retrieve my registered line?,sim_or_device_issue,0.12790983636549816,"When a SIM pack is unavailable, a court affidavit confirming ownership and loss of the SIM is required. This is a regulatory requirement. Please let us know if you need assistance with this process.",1,1,1,1,1,1,False,"The reply incorrectly assumes the issue is about a SIM pack being unavailable, which is not supported by the customer's message or historical evidence, and fabricates a regulatory requirement without grounding in any retrieved data.",success,
G139,@GloCare My number is 08118875122,voice_or_line_issue,0.1985695765741968,The VAS on your line has been deactivated. You may send STOP to 2442 for full VAS DND.,1,1,1,1,5,1,False,"The reply makes a claim about a deactivated VAS without any supporting evidence from the retrieved historical interactions, and the action 'send STOP to 2442' is not grounded in the available data.",success,
G140,"@GloCare When i try making calls the operator replies ""I can't call this number "" I can't call any number at all",voice_or_line_issue,0.13577529598517077,Kindly send in your phone number and how long this issue has been occurring.,3,1,3,5,5,3,False,"The reply does not address the core issue of failed calls or operator errors, and lacks grounding in historical evidence or known policies.",success,
G141,@GloCare dailed it and still d same thing here is my number 08074640384,unauthorized_charge_or_vas,0.11697286252782538,"Hello Troy, the bonus has been credited on your line. Please initiate a chargeable service and then dial the code to check again.",1,1,1,1,5,1,False,"The reply makes no reference to unauthorized charges orVAS issues, and there is no evidence in the historical data to support the claim that a bonus has been credited or that a service code can resolve the issue.",success,
G142,"@GloCare The network is so irritating, I think it’s high time to swap the network",network_issue,0.14825536234271997,"Hello, to better assist you, could you please share your mobile number and a description of the specific network issue you're experiencing?",3,1,5,3,5,3,False,"The reply asks for personal information without clear justification or policy support, raising privacy and safety concerns despite being helpful in form.",success,
G143,"@GloCare @7467 @25740 olorunsogo local govt,igbeti Oyo state,data and voice downtime android device",data_plan_issue,0.11999906631612374,"Hello, we’re aware of the data and voice downtime in Oyo State, specifically in Igbeti Local Government Area. Our network engineers are currently working on resolving this. We appreciate your patience. DA",3,1,3,5,5,3,False,"The reply acknowledges the issue but lacks grounding in any historical evidence and makes no specific commitment or next step, reducing its helpfulness and correctness.",success,
G144,@GloCare My credit balance is 100 naira doesn’t show me anything concerning bumpa bonus,bonus_or_promotion_issue,0.13634920051805952,"For bumpa bonus, please dial #122*2#. If you need assistance, kindly share your number so we can verify your eligibility. OO",3,1,3,3,5,3,False,The reply provides a dial-up instruction but lacks evidence support from retrieved history and makes an unsupported claim about eligibility verification without clear policy backing.,success,
G145,"@GloCare I thought glo infinito, which I'm currently on, also enjoys the 200% bonus? When did that stop?",data_plan_issue,0.12508483997668063,"The 200% bonus applies to the Glo Bumpa package, not Glo Infinito. To enjoy the bonus, you need to migrate to the Glo Bumpa package. Dial *100*10*1# to migrate.",5,1,5,5,5,5,True,"The reply accurately clarifies the package eligibility and provides a clear, safe, and concise next step.",success,
G146,"@GloCare pls de glo mast in agingi rukuba Rd of bassa LGA of plateau state went off  since a week now and de pple of that community have been in suffering. There is no mtn, 9mobile and airtel services there. Due to the recent killings in de region, it is very dangerous to stay",network_issue,0.1501636021360165,"We sincerely apologize for the inconvenience. We assure you the issue affecting your location is being prioritized. To better assist you, could you please share your phone number and exact location with landmarks? Thank you.",3,1,3,3,5,3,False,"The reply lacks specific grounding in historical evidence and makes no mention of network restoration efforts or regional safety concerns, which were central to the customer's message.",success,
G147,"@GloCare @117627 A week now, your network in Iseyin, Oyo State has been ATROCIOUS to put it MILDLY! Disappearing network!!! I guess you just employed Houdini but we subscribers didn't get the memo. Do remember to copy us when it returns! #MediocreGloNetwork @117626",network_issue,0.1716399211045382,"Sincere apologies for the poor network experience in Iseyin, Oyo State. To assist you better, could you please share your number, device type, exact location with a landmark, and any error messages you've seen?",5,3,5,5,5,5,True,"The reply accurately acknowledges the issue, requests specific information to diagnose the problem, and does so in a safe, concise, and helpful manner.",success,
G148,"@GloCare I still can't use the internet o. This is frustrating! 
😠😤",data_issue,0.13323672711994322,Please share your number and device details so we can assist you further.,3,1,3,5,5,3,False,The reply is concise and safe but lacks grounding in historical evidence and does not directly address the data issue with specific next steps or resolution pathways.,success,
G149,"@GloCare 08053575663, connection failure, oke-ode, abule-egba, pipeline junction, igoke estate, tecno Y2, can't browse @18561 except  @2688(mile 2)",data_issue,0.12465407520405078,"Hello Oluboba, we’re aware of the connection issue in your area and have escalated it to our network engineers for urgent resolution. Please stay patient as we work to restore full service.",3,1,3,5,5,3,False,The reply lacks specific grounding in historical evidence and makes a commitment about network engineers without support from retrieved data.,success,
G150,@GloCare pls u r deducting 50# from my credit on 08112952225 weekly...pls stop wateva dat is making u deduct it pls immediately...,unauthorized_charge_or_vas,0.1443215448643351,"Hello Mayowa, we apologize for the unauthorized deduction. To assist you, could you please confirm when the deduction was made and the exact amount? This will help us investigate and resolve the issue promptly.",5,1,5,5,5,5,True,"The reply accurately acknowledges the concern, requests clear information to investigate, and avoids making unsupported claims or fabricating system details.",success,
G151,"@GloCare Again where is my N20?? Recharged 3k, you auto renewed a plan I didn't want and my balance mysteriously went down from N2001 to N1981",account_or_general_support,0.11290307432454176,"Your auto renewal was cancelled on the 15th, but a plan was renewed on the 14th. Please confirm if this renewal was intended.",1,1,1,1,1,1,False,"The reply invents a date (15th) and a fact (auto renewal cancelled) not supported by any retrieved evidence, making it ungrounded and materially incorrect.",success,
G152,@GloCare Between yesterday and today.... I recharge 500 around after 2,recharge_or_airtime_issue,0.12267697651321244,Your recharge of 500 is recorded. Please confirm if you received the airtime or if there’s an issue with delivery.,5,1,3,5,5,3,False,"The reply is concise and safe, but lacks grounding as no historical evidence supports the claim of recording a recharge or confirming delivery.",success,
G153,@GloCare I don't appreciate being ignored and I'm losing my patience. what kind of stupid customer service is this?,sim_or_device_issue,0.12974565737640317,The issue has been escalated. Please check our latest tweet for updates. Thank you for your patience. UO,1,1,1,1,5,1,False,"The reply does not address the customer's frustration or provide any actionable resolution, and there is no evidence to support the claim of escalation or a tweet update.",success,
G154,@GloCare I am sincerely disappointed in glo customer service. Would I have lied on that? Even your colleague earlier confirmed it. Check chat history,network_issue,0.12593830604892806,"We apologize for the frustration this has caused. To better assist you, could you please share the specific issue you're experiencing? This will help us provide a more accurate and timely response. Thank you.",3,1,5,5,5,3,False,"The reply does not acknowledge the customer's claim about a network issue or the earlier confirmation by a colleague, missing the core of the complaint and failing to address the specific context of the frustration.",success,
G155,@GloCare  I haven't gotten any response please,non_actionable_or_context_required,0.13530270560756547,"We apologize for the delay in responding. To assist you better, could you please provide your phone number so we can verify your account and assist you promptly?",1,1,1,1,1,1,False,"The reply assumes account verification is possible without evidence, and requests a phone number—unsupported by historical data or policy—raising privacy and safety concerns.",success,
G156,@GloCare @117628 @117625 @117626 @117627 @48760 @53205 @7476 This is over 10 times u people have been asking 4my number with conflicting responses frm SO &amp; d likes. 08054117690. U must refund my money.,unauthorized_charge_or_vas,0.14079459492371277,"We apologize for the frustration this has caused. Our team is reviewing your request for a refund. In the meantime, please verify your account details and the transaction you're referring to, so we can assist you accurately. Thank you for your patience.",3,1,3,5,5,3,False,"The reply does not address the specific claim of an unauthorized charge or conflicting responses, and lacks grounding in any historical evidence or policy.",success,
