customer_tweet_id,customer_text,brand_responses,review_bucket,response_count,final_candidate_intent,reason
9089,@GloCare @117625 @117626 @117627 Recall this is the 13th times given out this number to you people especially TT,@117624 @117625 @117626 @117627 Record shows the VAS has been deactivated since yesterday.  Stay Unlimited!  TT || @117624 @117625 @117626 @117627 Record shows the VAS has been deactivated since yesterday.  Stay Unlimited!  TT || @117624 @117625 @117626 @117627 Record shows the VAS has been deactivated since yesterday.  Stay Unlimited!  TT,account_general_candidate|data_plan_candidate|voice_line_candidate,3,non_actionable_or_context_required,The message refers to repeated prior interactions but does not clearly state the underlying issue. Historical context is required.
9099,@GloCare @117628 @117625 @117626 @117627 @48760 @53205 @7476 This is over 10 times u people have been asking 4my number with conflicting responses frm SO &amp; d likes. 08054117690. U must refund my money.,@117624 @117628 @117625 @117626 @117627 @48760 @53205 @7476 We sincerely apologize.We are unable to assist to access the line that we are currently carrying out an upgrade. Please check back later. SO || @117624 @117628 @117625 @117626 @117627 @48760 @53205 @7476 We sincerely apologize.We are unable to assist to access the line that we are currently carrying out an upgrade. Please check back later. SO,account_general_candidate|data_plan_candidate,2,account_or_general_support,The customer requests a refund and describes an inaccessible line/account-specific situation. Resolution requires account-specific investigation.
19085,"@GloCare I need clarification, If I port from another network to glo and subscribe to your N5000 data plan, how many GB in total will I get?","@120252 Hello Tolulade, you will get 100% data (24GB will be credited) for 1st subscription. SO || @120252 Hello Tolulade, you will get 100% data (24GB will be credited) for 1st subscription. SO",account_general_candidate|data_plan_candidate,2,data_plan_issue,The customer explicitly asks how much data is included with a specific N5000 data plan.
19090,@GloCare please I recharged 200 and it was deducted I was given 200mb. So how do I unsubscribe,"@120254 Good morning, please text cancel to 127 to deactivate auto renewal. However, revert with your number for status update. SO || @120254 Good morning, please text cancel to 127 to deactivate auto renewal. However, revert with your number for status update. SO",account_general_candidate|data_plan_candidate,2,data_plan_issue,The customer asks how to unsubscribe from data auto-renewal after a data subscription.
19092,"@GloCare please, how do I unsubscribe for data? ✌",@120254 Please visit https://t.co/GvxBuIxUZL for data plan list. UO || @120254 Please visit https://t.co/GvxBuIxUZL for data plan list. UO,account_general_candidate|data_plan_candidate,2,data_plan_issue,The customer explicitly asks how to unsubscribe from a data service.
20364,"@GloCare SN...__credit_card__
07055534656 is my number",@120451 Please dial #122*30# to confirm 4x bonus. Thank you. SO || @120451 Please dial #122*30# to confirm 4x bonus. Thank you. SO,account_general_candidate|data_plan_candidate,2,non_actionable_or_context_required,The message only provides a phone number and does not contain a sufficiently clear support request.
21374,@GloCare Deduction of 150 from my account for caller tunes which I never subscribed to,@120678 We apologize. May we have your number for assistance? SO || @120678 We apologize. May we have your number for assistance? SO || @120678 We apologize. May we have your number for assistance? SO,account_general_candidate|data_plan_candidate|voice_line_candidate,3,unauthorized_charge_or_vas,The customer reports a charge for caller tunes that they never subscribed to.
49720,"@GloCare This is the SIM serial no. 892__credit_card__F, PUK is 21140051 and my alternative number is 08187728101.",@127128 We apologize for any inconvenience you may have experienced.The complaint has been escalated. Thank you. UO.,account_general_candidate|data_plan_candidate|sim_device_candidate,1,sim_or_device_issue,"The message provides SIM serial, PUK and alternate-number information in the context of a SIM-related support case."
49723,"its enough to 10 SIM pack, but why this stress. My number is 07054443008.
Abeg i dey beg you...@GloCare","@127128 We apologize. Please provide the new sim serial number, PUK no and alternate number. UO",account_general_candidate|data_plan_candidate|sim_device_candidate,1,sim_or_device_issue,The customer is dealing with SIM replacement and provides the information needed for SIM-related support.
