customer_tweet_id,golden_customer_text,golden_intent,vector_top1_distance,vector_top1_customer_text,vector_top1_response,vector_top1_tweet_id,vector_relevance,review_notes
1936686,"@GloCare so I recharged yesterday and I didn't get my usual bumba bonus, please why, 08117626261",bonus_or_promotion_issue,0.465856671333313,@GloCare hi!  Yester i recharges with 1000 07050369957 but I couldn't see my Bonus.??,@385002 you are on the Glo infinito plan which does not give bonuses ~ OO,1123758,2.0,
2092919,@glocare pls I migrated to Glo jumbo and recharged. I've been given bonus but couldn't use it to call. help,bonus_or_promotion_issue,0.4828412532806396,"@GloCare @117627 i have migrated to jumbo plan as an existing glo user ,recharged #500 twice and i still havent received any bonus ..","@440565 @117627 Hello Kehinde, May we have your number for checks. Thank you. IQ",1377054,1.0,
1972746,"@GloCare please if I recharge my jumbo SIM, for existing subscriber , will my money be taking or will it still remain on my main balance",data_plan_issue,0.5789912939071655,"@GloCare @117627 But do the jumbo sim means no more 200% bonus on all recharges???,if yes how can I deactivate jumbo sim?😡","@232556 @117627 While on Jumbo package you can not get Bumpa 200% bonus. Dial *100*10*1#
to migrate to Bumpa. N100 migration fee will apply.  TT",493070,2.0,
1024681,"@GloCare  Could you please send me the steps to recharge my Glo numbers using Ecobank Bank, Wuse 2 Abuja, Nigeria.",recharge_or_airtime_issue,0.643926203250885,@GloCare Recharge platform is from my first mobile banking application. Etranzact. My number is 08110839798,@233527 Your number was not credited. Kindly contact your bank. AP,496760,1.0,
2582778,"@GloCare pls i don't know how this pre-loaded airtime works,  cus I bought a new sim and recharged but didn't see any bonus",bonus_or_promotion_issue,0.6182297468185425,"@GloCare Pls i just bought a new sim, i'll like to know d platform dat'll give me airtime bonus wen i recharge with bank topup",@780208 Already replied. ^GM,2796054,2.0,
1885085,"@GloCare,@117627, I've lodged complain that I've not been able to call out except the customer care line, and I can't recharge on my phone",voice_or_line_issue,0.3795073926448822,@GloCare why can't I call check my balance or even top my recharge. I can't even reach customer care. I need to call someone,"@701486 Good morning, we apologize for the inconveniences experienced.The issue is being worked on, will be resolved shortly.Please bear with us. SO",2447078,2.0,
734481,"@GloCare please you guys should help me check my line as I was awarded 500mb after I recharged but I'm been deducted from my Normal data subscription which really isn't suppose to be so, this is the number 08058976647",bonus_or_promotion_issue,0.4956388771533966,@GloCare I just recharged 200 and it was deducted for data I did not subscribe to,@120254 May we know the mode of recharge?,2132556,1.0,
1735825,"@GloCare I hav a lot of data&amp;call bonus,but's still charged frm my main balance Wen calln/browsn. &amp; #124#, #124*1# no longa work 08113877114",bonus_or_promotion_issue,0.1044353544712066,"@GloCare Hi! I hav a lot of data &amp; call bonus,but I'm still charged frm my main balance Wen calln/browsn. Also,#124#, #124*1# no longer work","@512323 Evening,  kindly provide your number for a quick check. AP",1686942,2.0,
493087,@232561 @117627 @GloCare UPDATE!!! They've Deducted N10 From The 980 Again.. N1k Airtime Just This Morning Now Down To N970.. https://t.co/LWukklgbxv,unauthorized_charge_or_vas,0.4788888394832611,@232561 @117627 @GloCare See Ehn!! Its Annoying.. I Am Scared To Load Airtime Again Now Because Of This... I'm Also Praying The Remaining N985 Won't Be Down Before The End Of Today.,@232560 @232561 @117627 We apologize about it. May we have the number to run a check? Thank you. SO,493090,2.0,
2474624,"@GloCare My sister recharged and subscribed for glo data plan of N1000 on the 10th, airtime value was deducted but haven't received data paid for, pls resolve asap.",data_plan_issue,0.5472778081893921,"@117627 @GloCare 08051656065 that's the number ,the issue is I have not been charged from glo bonus data of 524 MB given to me ,am still Been charged from my subscribed data. Please look into it except it's fake .","@469090 @117627 Hello,
Your data bundle takes precision over bonus data. We empathize with you.

Thank you

PE",1504018,1.0,
2267327,"@117627 @659903 Since @GloCare won't take my calls please why is #100 taken from my account daily when I have not subscribed for data or any glo services. I bought this line on Thursday 9th Nov., 2017",unauthorized_charge_or_vas,0.4219322204589844,"@117627 @glocare, for more than 12 hours I can't make nor receive calls after calling 100 for assistance although the data looks great!","@562345 @117627 Hello Chidi, we apologize for the inconveniences experienced.The issue is being worked on, will be resolved shortly.Please bear with us. SO",1884709,0.0,
2490259,"@GloCare @117627 Number-07052632663
Device type- infinix hot note x551
Location- Akwa Ibom state university, Ikot Akpaden, Mkpat enin, Akwa ibom state
Error message- emergency
Signal- No signal
Alternate numbers- 08128059629...08147428657",network_issue,0.333105206489563,"@GloCare @117627 Device type- infinix hot note x551
Location: Akwa Ibom state university, ikot Akpaden, Mkpat enin LGA, Akwa Ibom",@242707 @117627 Kindly provide your number. AP,2490247,2.0,
1371022,Lol prople dey para oo. Hahhahahahaaha. Oya @GloCare kindly stop any VAS service and callertunes oo. They have abused me for being too patient with u. I asked a question and yet to get an answer. How can i get my number across without dropping it on timeline? https://t.co/z5KKf4KEq9,unauthorized_charge_or_vas,0.7410619854927063,"@GloCare 07057727789 dats my number
This happened just yesterday, I need una reply bikonu","@349729 Morning,We apologize.May we know what the exact issue is? AP",967829,2.0,
2358305,@GloCare I can't browse check your network,data_issue,0.2915684580802917,@GloCare Finding it difficult to browse. No network,"@165612 Danny, kindly provide your exact location with landmarks, LGA, Alternate mobile number, issue duration and device type for assistance. TT",1992662,2.0,
296363,@GloCare Why am I charged for airtime not used?,recharge_or_airtime_issue,0.4566196799278259,@Glocare I've been charged twice for the payment of airtime I borrowed last week,"@169699 Sincere apologies, may we have your number for verification? IA",224744,1.0,
2380426,@GloCare old how can a customer check his data account? Thanks,data_plan_issue,0.4875571429729461,@GloCare Pls how can I check my balance account and my data balance?,"@456814 Hello Falade, please dial #124*1# or call 124 press 1 for main balance. Text info to 127 or dial *127*0# for hsi data. SO",1451419,2.0,
974051,@GloCare 07057789957....pls check why the money I recharged for auto renew was deducted without any apparent msg on d deduction,unauthorized_charge_or_vas,0.53436678647995,@GloCare please I don't know why you deduct my money on recharge. Kindly deactivate all deductions on 08118187834,@131703 The service has been deactivated. Please send STOP to 2442. Thank you for your patience. ET.,69343,2.0,
120114,@GloCare u give sending me sms dat my network signal issues has being resolved I said u deducted money 08055451220 work on this pls,unauthorized_charge_or_vas,0.5107802748680115,"@GloCare please i have been having network issues on my line, not able to make or receive calls, use data, sms phone no: 08050610789","@633585 Hello Micheal, Kindly recharge and try using the line .Thank you.EE",2156637,1.0,
2330303,"@GloCare 08119242743,no network  bars atall,and went it comes up,i can't mk calls not even browse  wit it, Ajah, Lagos, Moba town etiosa lga",network_issue,0.4957404136657715,"@GloCare 07053909637, bq x5, iba Lagos....no internet connection. That of calls is emergency","@298299 We apologize for the inconvenience, our engineers are working on the issue.Kindly bear with us. Thank you.AP",745779,2.0,
16086,@GloCare it has become obvious dat my units are taken illegally. I recharged 300 last week never called for even a minute but yesterday...,unauthorized_charge_or_vas,0.7010706067085266,@GloCare pls I want to know why I'm being deducted 100# from my last recharge. I don't owe you guys. Pls I want to sub to a data plan.,@161615 We apologize for any inconvenience you may have experienced. Kindly provide your number. Thank you. UO.,2697513,2.0,
793275,"@GloCare, i can't browse with Glo, but same setting, is what am browsing on Mtn, we love ur network more than other, kindly do something pls",data_issue,0.5365239381790161,"@398346 @GloCare @122461 Wallahi, both @122461 and @118424 have better browsing network than Glo I don't know why? MTN problem is high data charging.","@398347 Morning Nura, may we know the exact issue being experienced at your location to offer you assistance? TT",1183745,2.0,
745771,"@GloCare I have made complaints severally on how glo deducts my airtym,yet nothing was done abt. I will never patronize ur useless network again",unauthorized_charge_or_vas,0.6548984050750732,@GloCare good morning.. Why is my GLO network poor??? Since on Friday up till now showing me emergency call only. Pls. 08052515535,"@128809 We apologize for any inconvenience. Kindly provide your, exact location, device type and error response so we can progress UO.",1732070,0.0,
1258137,@GloCare network been switching off &amp; on. It has been completely off for a while now &amp; I can't even call customercare pls help 07053337908,network_issue,0.406021773815155,Its been over two weeks we have been battling with no network service @GloCare,"@625142 We apologize.Kindly provide your number, device type, exact location and error response for a quick check . Thank you. AP",2121867,2.0,
2764089,"Dear customer, your subscription of CHOLESTROL's gpa cannot be renewed due to insufficient balance. @117627 @GloCare CANCEL. I did not subscribe to it. #Fraud.",unauthorized_charge_or_vas,0.6832364797592163,"@GloCare @263682 @263683 @215975 Dear Glo, please unsubscribe me from 577 {skin's GPA} I was about to recharge my line this morning when I was notified that 577 renewal was not possible due to insufficient balance. I never subscribed to this so help stop it. Thanks. 08079813135","@263684 Hello Adesanya, your request for VAS deactivation has been treated. You may send STOP to 2442 for full VAS DND.  TT",604414,2.0,
2651022,"@GloCare Hello. It's an office line, it's for calls only. I told you it does not support browsing. Kindly tell me i you can refund the airtime or not. This is taking too long",recharge_or_airtime_issue,0.7620606422424316,"@GloCare something wrong with my line,I can't call and text.i thought it was airtime tho it doesn't say I don't have airtime but I tried to","@232556 Good morning, we apologize for the inconveniences experienced.The issue is being worked on, will be resolved shortly.Please bear with us. SO",1884673,2.0,
2330300,"@GloCare 08119242743,no network  bars atall, and wen it come back, i can't mk use it, and I just renewed my data,Ajah Lagos, Moba town, etiosa lga.yesterday till now, techno j8 boom",network_issue,0.1720463335514068,"@GloCare 08119242743,no network  bars at all, and when it come back, i can't mk use it, and I just renewed my subscription,Ajah Lagos, Moba town, etiosa lga.yesterday till now, techno j8 boom","@674684 Hello Abubakar, we apologize. We are aware of the issue and the network engineers are working to resolve it. Kindly be patient. TT",2330306,2.0,
496767,@GloCare earlier this week i used the 2442 DND code given to me by one of ur agents nw am getting msgs 4 a service i didnt subscribe 4 with my airtime deducted 4 said service Again!!!,unauthorized_charge_or_vas,0.6309784650802612,@GloCare i don't get 3036 messages deducting my airtime for what ever services please stop this and refund all money deducted,"@651092 Evening,  kindly provide your number for a quick check. AP",2231286,2.0,
2817931,"@GloCare Please check again, Firstly 400 naira was deducted, I loaded 100 naira, no deduction, 500 naira was loaded, and the last 100 naira was deducted, why deducting from the 1000 naira, and why is 20 naira still remaining",unauthorized_charge_or_vas,0.3610223829746246,@GloCare I loaded 500 naira on Friday and 100 naira was deducted,"@785493 we apologize, please provide your number so we verify and assist ~ OO",2817934,2.0,
2159663,"@GloCare The number is 08050630693, HTC M8, Igbeti in olorunsogo LG OYO state, 3G network failure and also kindly note that we experience incessant network outage due power failure ( some times 4 days in a week) since Dec 2016, several complaint but still same .",network_issue,0.7896603345870972,"@GloCare
3g data network bad
08119004611
Oke-Mosan
Abeokuta","@557026 Hello Mide, may we know street name at Oke-Mosan with landmarks, LGA, issue duration, alternate number &amp; device type for assistance.  TT",1864431,2.0,
2724779,"@GloCare @117627 Stop emphasizing with mee. I've provided you with the number - +234 807 683 5245 - not fewer than 3times. Afterwards, you still resubscribed mee to the unsolicited services and deducted my money. @104856 @117626 @7475 @104937 @120330 @127588 @562660",unauthorized_charge_or_vas,0.5575880408287048,"After @117627 claimed to have resolved the issue of subscribing mee to unsolicited services, I've been resubscribed to the services 3times. But they couldn't deduct my money cos my a/c balance was almost zero. @117627 @GloCare is fraudulent, @7475 @117626 note.","@264735 @117627 @7475 @117626 Afternoon Mimiola, investigation shows VAS was subscribed by subscriber. That is why refund was not made.  TT",608908,2.0,
2651024,"@GloCare Would he/they refund the airtime?  I have used the live chat portal, still on Twitter, now Mail. If @GloCare  cannot provide the needed​ assistance, i think you should just tell me. I'm new on the network. I wouldn't want​ to waste my time and effort chasing after the wind.",recharge_or_airtime_issue,0.4329643249511719,@GloCare Kindly refund my airtime too...  Thank you,"@140961 ""The complaint has been escalated. ET.",112428,2.0,
788938,@GloCare  okk. I've sent in my complaint,non_actionable_or_context_required,0.2777477204799652,@GloCare I'm yet to get any response about my complaint.,"@186799 Hello Isaac, we apologize for the delay. Your request is being processed. You will be notified by SMS when it is resolved.  TT",297198,2.0,
209546,@GloCare Yet to receive my N100. Pls refund!,non_actionable_or_context_required,0.0540720112621784,@GloCare  yet to receive my N100. Pls refund it!!!,"@165602 Good morning, we apologize for the delay. Issue is being worked on. Please exercise patience. Thank you. SO",233410,2.0,
496751,@117627 @GloCare Please confirm if 08118280516 is 4G simcard,sim_or_device_issue,0.376769483089447,@117627 Is this glo jumbo sim a 4G lite sim? @117627 @GloCare ?????,"@722502 @117627 Good morning Omoparegbe. Yes, you can get a 4G Jumbo SIM card. Kindly visit the nearest Gloworld for one. FA",2540898,2.0,
1931789,@GloCare how does one transfer credit from one phone to another?,recharge_or_airtime_issue,0.3435555100440979,"@GloCare Okay
How can i transfer credit to other GLO number?","@152141 Hello, you cannot transfer credit on your package. DA",2345068,2.0,
1964647,Please and please epp my solution @GloCare  this your network is crawling 😭😭,network_issue,0.779919445514679,@GloCare @674690 We are facing network problem here in epe local gov,@676659 We sincerely apologize for the inconvenience. We assure you the issue affecting your location is being worked on. We implore you to please bear with us. Thank you. GA,2330345,2.0,
1138796,@GloCare please is glo me2u not functioning again? I want to transfer credit,recharge_or_airtime_issue,0.4821684956550598,@GloCare...i have been unable to transfer credit from my glo line.. kindly reply ASAP..,@131711 Kindly provide your phone number and error message received for assistance. .ET.,69384,2.0,
2765226,@GloCare Though 2G can't be reached.... I can be reached on my 3G phone on 08053355365,network_issue,0.4559727609157562,@GloCare @117627 I have 3G for now and not the regular GSM. Please can't I have LTE?,"@356821 @117627 It depends on your location,for now. Kindly confirm your exact location. CA",1000301,1.0,
1122587,@GloCare I have restarted my phone a million times. It's not a restart problem. It's a network problem. It's back now though,network_issue,0.7067825794219971,@GloCare it's on 3G only. I have restarted my phone SEVERAL TIMES. Check your POP site. This is d 1st time I'm experiencing this in 3months,"@373015 Good evening. May we have your cellphone number, device name, model, APN, username and password? FA",1072215,1.0,
2345094,"@GloCare I have done all these your device tyre ,off and on,restart your device and change to 3G only all these these did not work...even one your guys told me the fault is from your end .common its talking long for christsake",network_issue,0.5500688552856445,"@GloCare Done that severally 
Only my 3G gets turned on but 2G won't",@318686 Kindly note that 3G signal works at a faster speed than 2G. CA,2218209,1.0,
209818,"@GloCare We are having difficulties using your network for the past two days now. We can't check balance, we are having call drops and the worst is",network_issue,0.4261212050914764,"@GloCare 2 days now. Can't make calls, check balance or load airtime. What is going on? Sort it out for fucks sake!!!","@399851 Kindly provide your number, error message, exact location with landmarks, issue duration and device type for assistance. TT",1190655,2.0,
2391726,@GloCare  OK,non_actionable_or_context_required,4.334716721850207e-13,@GloCare OK,@574883 Okay. Thank you. AP,1931847,2.0,
2092975,@GloCare No improvement yet pls.,network_issue,0.3254522979259491,"@GloCare Dear Team, no update, no better improvement, please help","@130986 We apologize for the inconvenience, our engineers are working on the issue. Thank you. ET"".",65447,2.0,
2414073,"@GloCare Hello my subscription was stopped days before it was supposed to expire,called your customer care twice stayed on the phone for 22 minutes no response.",data_plan_issue,0.4423691928386688,@GloCare I've not been able to renew my subscription. I've been trying for over 30 minutes now.  What's going on?,@281374 We sincerely apologize for the inconvenience. We are currently carrying out an upgrade.We implore you to please bear with us as soon we would be able to assist you. Kindly try again later. GA,676536,1.0,
474020,@GloCare @227840 Wetin happen. You guys are charging me for iflix after using for less than 60 days. Kilode? Iflix finished my last day subscription I didn't notice until I resubscribed and saw data dropping fast as I use iflix. Please what's the rule? 08051891193.,unauthorized_charge_or_vas,0.5402652621269226,@GloCare You guys said iflix is free for 2 months if there is an active data bundle above N500?.. why did my N2500 data plan run out while watching iflix?  07058192844,"@233519 Subscription is free for 60 days,but access is through your data bundle. CA",2628697,2.0,
2782505,"@GloCare Hello guys. I bought a SIM this afternoon, registered it at a GLO Dealer outlet. I was promised that it be activated in 1 hour but I am yet to see activation. Kindly let me know what to do...",sim_or_device_issue,0.4134785234928131,"@GloCare Hw long does it take for a glo sim to be activated after registration? I registered a glo sim ystdy and till nw, it's not working.","@404974 Hello Magnus, may we have your number for clarification. Thank you. SO",1214234,2.0,
2470834,@117627  Data service is just too poor. @GloCare please tell me how are you grandmasters of data. This tweet was sent using @5566 network,data_issue,0.4068394005298614,@117627 @GloCare Over 70% of ur customers hv been complaining of poor data network for yrs now. We appreciate the cheap data but fix ur network to enable us enjoy it. Stop paying deaf ears to our complains. For God's sake fix you network #GloDataUnMatched,@706395 @117627 Thank you for the feedback. Noted. We assure you the issue is being worked on. We implore you to please bear with us. #GloEveryDayBonanza #GloDataUnmatched  #GloUnfairAdvantage  GA,2469268,2.0,
2395492,@145588 @7693 @117627 @GloCare Please to inform you @117627 &amp; @145588 that your data connectivity in Apete by Yidi Road is worst that has imprisoned me and outcast my update on news as the data network needs 2b improve in d area please to allow me enjoy my data,network_issue,0.6720565557479858,@117627  Data service is just too poor. @GloCare please tell me how are you grandmasters of data. This tweet was sent using @5566 network,@706719 @117627 We sincerely apologize for the inconveniences. GA,2470834,2.0,
2414077,"@GloCare there's no flooding network in some areas of Ado-Ekiti. From Ijigbo Junction up to Oke Ureje is a complete black spot. No network at all both for call and data. Please,  I have a good spot to erect your master if this will resolve the issues. It's very bad. Please assist",network_issue,0.7131854891777039,"@GloCare pls, we don't have network since yesterday around ado-odo ota LGA, Ogun state. Help us rectify whatever the issue is. Thanks","@721886 Good morning Omotayo. We sincerely apologize for the inconveniences. The issue is being resolved. Please, bear with us. FA",2538074,2.0,
317832,"@GloCare Please I'm not talking about data bonus. I'm talking about credit bonus, the one you check with #122*2#
Read my tweet well",bonus_or_promotion_issue,0.4895071387290954,@GloCare Iam talking about the bonus data....,"@255512 Hello, the bonus has been added to the 4gb given for your N1000 subscription . DA",2634638,0.0,
2910699,"@GloCare I borrowed #200 and recharged #400 card, and bought #200 data only for glo to deduct #100 from my account again. My number is 07054544145.",unauthorized_charge_or_vas,0.4579729735851288,@GloCare I recharged my Glo phone number today several times and the value was not credited even after being deducted from my bank account,@747760 Good evening Leonardo. May we have your number to run a check on your line? May we also know the value of the airtime? FA,2651094,0.0,
584005,"@GloCare my mobile #08159821678...I just recharge 1400 - was goin to load anoda 1100 so I can activate d (5gb) 2500 data plan, pls is there anything u can do to help?",data_plan_issue,0.7450597882270813,"@GloCare pls I am trying to do a 2k plan on 4g/3g and it's not working. Pls help me with the plan, I have recharged already. 08118835696",@280417 We sincerely apologize for the inconvenience. We are currently carrying out an upgrade.We implore you to please bear with us as soon we would be able to assist you. Kindly try again later. GA,672412,2.0,
2409934,"@GloCare please I need u assist me. When ever they are is money on you used to deduct it and I can remember subscribing to any news, advert or any",unauthorized_charge_or_vas,0.5161352157592773,"@GloCare Please help check my line, they won't stop deducting my money.","@674683 Hello Damilola, kindly provide your mobile number for checks and assistance.  TT",2330297,2.0,
209665,"@GloCare Please check my combo bundle balance for Int'l calls for 1000k subscription bcoz anytime I check through *777#,#122*1# no ans nr 07059646781",data_plan_issue,0.3002829849720001,"@GloCare Please help me check my combo bundle balance from there 1000k subscription my nr is 07059646781 I can't access it hia *777# nor #122""1#","@165622 God morning, you have 38.18mb remaining on your bundle. Thank you. AA",209772,2.0,
471935,@GloCare @117627 Please why can’t I buy internet data? Been trying this since last night?,data_plan_issue,0.3930202126502991,"I'm unable to buy data, I'm getting error message every time I try,  what's going on @GloCare",@338129 Hello Diran. We apologize.  Kindly provide your mobile number for checks.  TT,918837,2.0,
2636639,@GloCare This is the sub I did (the first one) only to get 1636mb. Please! Whats up.?.?! https://t.co/A50adS4T5F,data_plan_issue,0.6507009863853455,Why are you people giving me 1638MB instead of 4GB 🙁🙁🙁 @GloCare @117627 ??? What kind of scam is this https://t.co/6CufmOZGdb,@147248 @117627 You will get the 100% data volume(4Gb) if you are on auto renewal or if you subscribe within 3 days after your data expires. AP,2247246,2.0,
1503862,"@GloCare @469054 My data is paused and is on a weekend plan, I want to switch back to my normal data plan . How please?",data_plan_issue,0.3958294987678528,@GloCare how far guys. Please how do I pause my data so I can use the weekend plan instead,@482082 Morning Dipo. You can not pause an active plan with a new subscription/ different data plan.  TT,1560162,2.0,
2391743,@GloCare @117627 please what is going on ? I'm trying to renew my data bundle and It's not working.  As usual your customer care line never works!!!! Always held up🙄 please can you do something?,data_plan_issue,0.4053339064121246,@GloCare @742416 *777# no longer work for existing users who want to renew their data bundle. What is all this?,@742421 @742416 Morning Biodun. We apologize. Network engineers are working to resolve the issue. Kindly be patient . TT,2628685,2.0,
2218206,"@GloCare pls Dear customer, a warm welcome of N200200 Free Airtime is yours. Since o, my normal bonus if I recharge, I nor dey c am again o.. Pls help",bonus_or_promotion_issue,0.4848590195178985,"@GloCare Kindly help me, My airtime gets deducted indiscriminately. I'm now wary of Recharging, in fact. My No is 08056041889. Pls do something quickly!!!","@685970 Hello, Value added service activated on the line,has been deactivated. You may want to send STOP to 2442 to add number to the list of DND numbers. IQ",2378674,0.0,
834381,"@GloCare please I made a recharge of #1500,yesterday only to see #95 as my balance",recharge_or_airtime_issue,0.5175004005432129,@GloCare Again I recharged #500 yesta,@504337 Line check show you where given 2500 yesterday. UO,1651473,1.0,
493063,@GloCare @232556 @117627 Good Evening. Please help to scan my line and remove what do deduct my credit. Thank,unauthorized_charge_or_vas,0.371307909488678,@GloCare please  check my line 09058974494 my credit is being  deducted instead of  Data,@147736 Good afternoon Victory. You don't have data subscription on your line. Kindly subscribe via *777# and browse. FA,1371031,1.0,
1000324,"@GloCare Hello,
I just cleared my BMC account of #200 but few mins later I was notified again to still be owing.
Pls can you run a check",recharge_or_airtime_issue,0.7227097749710083,@GloCare Aren't you guys gonna debit my account for my BMD purchase??....08155356601,"@206558 Good afternoon, Yes we will debit you soon. AP",2837431,0.0,
1884940,@GloCare unable to make calls or send message again. Error response: call drop.Please its becoming annoying complaining everyday.08079053766,voice_or_line_issue,0.3086300194263458,"@GloCare I have not been able to Mk calls or send message from my line 08079053766,error response: call drops, since the past 29hrs.","@562409 Hello Femi, we apologize for the inconveniences experienced.The issue is being worked on, will be resolved shortly.Please bear with us. SO",1884941,2.0,
445933,"@glocare! Good morning! Want to migrate to call unit of 20/s, what the code pls. Th,ks",voice_or_line_issue,0.7524887323379517,"@GloCare  , many thanks, what the migration code pls",@220607 May we know which of the packages you want to migrate into? TT,445934,2.0,
2651040,"@GloCare That was the response. Do I have to keep recharging, or what? I don't get it please.",bonus_or_promotion_issue,0.5936478972434998,@GloCare I don't understand sir.  I recharged the same I have always done. The problem started when I welcomed back by alpine after a loss.,@523894 Good morning Joseph. Kindly call 200 (Postpaid/CUG specialized help desk) or send a mail to __email__ for necessary,1734938,1.0,
1433270,"@GloCare I call 124, still is the same thing. my call can not be completed please contact customer care.",voice_or_line_issue,0.5449351668357849,"@GloCare I've been calling 121 for the past 2 hours to no avail, pls can you kindly respond here? Arrrrgh","@165618 Hello Olamide, how may we help you? SO",209639,1.0,
469805,@GloCare please Globacom how will i activate my deactivated line ? If i load a Card will it activated ?????,sim_or_device_issue,0.5841512084007263,@GloCare I have a glo line which has been deactivated for whatever reasons.I have re-registered the line and it has remained deactivated,"@265502 Hello Femi, kindly provide the mobile number for checks. TT",611902,2.0,
2146010,Dear @GloCare why am I still getting messages from 8888 after I've fully activated DND? Kilode Gan sef😠,unauthorized_charge_or_vas,0.5890716910362244,"@GloCare dear all, kindly assist deactivate me from this constant messages from 8888. I did not subscribe for it pls. Thanks",@636146 We apologize for any inconvenience you may have experienced. Kindly provide your number. Thank you. UO.,2167963,2.0,
1553142,@GloCare I wish to why I was deactivated from using the *200# package. I never knew when I stopped from using it,account_or_general_support,0.8674056529998779,@GloCare I used *600# I also tried *200# it's still  not workin ..my number 07052151070,@220601 Hello Star Girl. Dial *300# on the line to migrate to the package. Thank you. TT,445899,2.0,
2933831,@GloCare thankz. But dey didn't give me any bonus as i bought new jumbo sim yesterday with #1100 Recharge card.,bonus_or_promotion_issue,0.5063386559486389,"@GloCare @117627 I just activated jumbo sim and I recharged 1k,I didn't get my 200% bonus or any bonus at all.","@232556 @117627 Evening Evans, dial #122*23# to check the unlocked Jumbo bonus. Stay Unlimited!  TT",493071,2.0,
2330344,"@GloCare Hello glo, your I bought your sim, but it charges me me too high almost 30 per minute, airtel charge me less than 8naira per minute, what should I do to get good rate? I can’t deal with this high charge.",voice_or_line_issue,0.6855490207672119,@GloCare how can I opt out of this your jumbo sim thing? Noticed that I'm being charged 40k per second now on my calls as against 15k. Moreover ur free airtime isn't useful to me bcoz it's only for Glo to Glo calls. I want to opt out immediately.,@648042 Kindly dial the code for the plan you wish to opt into. You can find the list of available packages on this link https://t.co/bVzBGOevhb CA,2218258,2.0,
1043403,"@GloCare, ""Connection problem or invalid mmi code"" is what I see as I tried recharging 08072006674. Is *123*pin# no longer working? Thanks",recharge_or_airtime_issue,0.5526988506317139,"@GloCare I used the regular recharge code at first *123*pin# but it was saying invalid.
Tried *323*pin# again and it still said invalid.",@372396 Dial #122*30# to confirm the 4x bonus. Thank you. SO,1069641,0.0,
1862879,"@GloCare Cell no- 07051883771; Location- Surulere, Lagos; Device name- BlackBerry: Device model- Q10; APN- gloflat; username &amp; password-flat",data_issue,0.6365019083023071,"@GloCare Cellphone number : 07057776132
Device name :Samsung 
Model : galaxy j7
APN: gloflat
Username:  flat
Password: flat","@513436 Good evening,your data subscription has expired. Kindly subscribe then we will follow up. Thank you. AP",1691408,1.0,
348309,"@GloCare  I dnt understnd y, after a prper sim reg. I cant retrieve my sim at #Gloword because of 🆔 card despite providing a civil servnt 🆔.",sim_or_device_issue,0.6056159138679504,"@GloCare 
Also got my number and confirmation that the sim is active and all..but I can't do anything on it",@250410 Good evening Olaniran. We apologize for the inconveniences. May we have your number to run a check on your line? FA,558210,1.0,
395956,"@GloCare 
Hello, can we plz have some reprieve to network quality in Graceland, Zaria, Kaduna State? 
It's embarrassingly slow n unstable.",network_issue,0.5707192420959473,"@GloCare Lately, your network in environs around lagos-ibadan expway has become poor especially the internet service. Kindly address this matter quickly. Downtime isn't good for business. Thank you",@706394 We sincerely apologize for the inconvenience. We assure you the issue affecting your location is being worked on. We implore you to please bear with us. Thank you. GA,2469266,2.0,
2247212,"@GloCare URGENT! I have not had network in my house area (somewhere in Rumuodara,PHC) for months. Which kain wahala be this? Once i get back from work i cant call or use data on my Glo line.",network_issue,0.5484249591827393,"@GloCare almost a week now,no Glo network is my town,OKEMESI ekiti,in ekiti west,pls we we're unable to browse or call,,,,do sometin oo","@144577 Hello. We apologize for the inconvenience. Kindly provide your mobile number, error response, exact location with landmarks, LGA , alternate mobile number, issue duration and device type for assistance. TT",2810040,2.0,
315466,"@GloCare @191307 Is there any 4g site around Egbeda, new Ife road Ibadan?",network_issue,0.432886004447937,@117627 @GloCare do you have 4g service in Ibadan?,@220069 Yes there is. Thank you. UO,1732052,2.0,
2800841,"@GloCare @117627 
I load card and subscribed u telling me e never work that all these time am using my money de browse ? i DM u guys ‘ una de do me like hausa girl una no even wan pick my calls 
No be by force to use Glo oo 
God punish all of una 🚶🏿✌🏿
Hi @118424 🤚🏿",data_issue,0.6675443649291992,@GloCare @GloCare it is now becoming unbearable for me. Because why will I load every time and they keep deducting my money without calling and have complained several times still nothing was done. Are you saying I should stop using glo mobile because it's unfair,@242257 Sincere apologies may we have the affected number for checks and assistance? GA,528097,0.0,
967837,"@GloCare if a friend share his data with me ,does it indirectly means I share mine with him too ?",data_issue,0.5569185614585876,@GloCare pls could explain what it means to share data,"@165623 Good morning, data sharing is adding number/s to browse on your data plan. SO",1050595,2.0,
658682,How can I have 4095mb of glo data as at 13th November and today 22nd I'm left with only 200mb haba @GloCare which kind 419 be this?,data_issue,0.5054962038993835,@GloCare Pls I need details of glo 1000 data plan of 4gb,@145578 Here: https://t.co/GvxBuIxUZL. ^GM,443641,0.0,
2945949,"@GloCare that Streaming #YouTube video from 1am-5:30am is it still on ?
Because I always buy data of #2.5k",data_plan_issue,0.5518165826797485,@GloCare Is it true that I can get Free YouTube streaming on my current Data plan from 1am to 5am,"@681151 Yes , you can enjoy the free youtube with a data plan of N500 and above. From 1.00pm to 5.30pm. DA",2358287,2.0,
2812719,"@GloCare Yeah, but will the extension retain the unused data and take it over to the next month?",data_plan_issue,0.5660010576248169,"@GloCare Does your data plans rollover data? If I don't finish my data in 30 days, does it roll over to the next month? Or it gets wiped","@120252 Hell Tolulade, All you need do is resubscribe before  the plan expires to extend your plan. UO",2812720,2.0,
69361,"@GloCare just bought 1000 data and instead of 3.2gb I saw 1648mb on 07059556635 Wi-Fi modem, what's happening?",data_plan_issue,0.6033306121826172,@GloCare Further to our earlier discussions. I bought 1k data but wasn't given 4gb instead 3.2gb. Why?,@634315 We apologize.Kindly provide your number for checks.EE,2159635,2.0,
228170,"@GloCare I got a message that I should dial x100x6x1#,hope it wouldn't affect my package of #2500 for 10G data?",data_plan_issue,0.7910095453262329,@GloCare I bought  #1000 data from your network with my number 08118877816 on Oct 20th and I was only given 1.6g,"@588030 Please note, with active  plan, or if data expired less than 3 days, line gets the full data bundle. Otherwise, the revised plan. TT",1986466,1.0,
1199678,No glo network since 6pm ...@GloCare what's up?,network_issue,0.2528165280818939,@GloCare what's happening to glo network since morning is off,"@419753 Hello Rich, we empathize. May we have your number, error message, exact location, issue duration and device type? Revert via DM. SO",1920888,2.0,
1732070,@GloCare good morning.. Why is my GLO network poor??? Since on Friday up till now showing me emergency call only. Pls. 08052515535,network_issue,0.3180401921272278,@GloCare for some weeks now the Glo network has been so poor when it comes to Internet services... Pls what is wrong,"@292544 We apologize for any inconvenience. Kindly provide your phone number, exact location, device type and error response so we can progress EE",720891,2.0,
2769400,@GloCare @170399 what sort of network is this? over 7hrs I've been trying to subscribe. network engineers have been working since 6am,data_plan_issue,0.5622214078903198,@GloCare Pls what is happening to your network nowadays  ?,@456814 Good evening Johnson. May we know the exact issue being experienced in order to offer assistance? ^GM,1518980,1.0,
1210497,"@GloCare Network status? Worst! I Just replying 2 days later means, everything was shot down till last night, hope this last past 12 noon.",network_issue,0.4664714932441711,"@GloCare Unfortunately Network is down again.
This is truly unfortunate. No guarantee on glo networks!","@476124 Kindly provide your number,device type,error message,duration,location/landmark. Thank you. ET.",1686962,2.0,
1833990,"Am I d only one ""enjoying"" ds very poor network from @117627? So terrible. @GloCare @145585",network_issue,0.620657205581665,@GloCare @117627 Network is still bad.. very bad.,"@700201 @117627 Sincere apologies Skizzyyo. kindly provide your number, device type, exact location with landmark, error message, signal you can see and alternate number. AP",2441576,2.0,
1917354,@GloCare I have recharge but can't access my bonuses. Why?,bonus_or_promotion_issue,0.4050842523574829,@GloCare I recharged with my bank code but am not giving the 15% bonus,"@139865 Hello Laski, please provide your number for clarification. Thank you. SO",1057864,2.0,
469794,"@GloCare i did not apply for any #service. Dear User, your billing for Glo Gamestore has failed due insufficient balance. Please recharge",unauthorized_charge_or_vas,0.1936098039150238,"@GloCare Dear User, your billing for Glo Gamestore has failed due insufficient balance. Please recharge your account and try again",@222686 The service has been deactivated from your line. ET.,453795,2.0,
1894596,@GloCare That's not what I have problem with please. Fix this deductions thing.,unauthorized_charge_or_vas,0.3292488157749176,@GloCare Please do something about this problem of deductions,@136527 Hello Aminu kindly provide your mobile number for assistance with the issue reported.  TT,1206714,2.0,
988312,"@GloCare haba, my glo 4g lte wanna kill me this month since i subscribed. It doesnt go again, im tired pls help 😩😭😭😭",data_issue,0.5876451134681702,@GloCare pls my glo subscription isn't working it keeps sending me this https://t.co/MXX7v5E6UL,@773721 Morning Paschal. We apologize. Network engineers are working to resolve the issue. Kindly be patient . TT,2766744,2.0,
883415,@GloCare but one things remains. I am a victim of unsolicited deductions. Please deactivate all deductions on 0815699716,unauthorized_charge_or_vas,0.3154059052467346,@GloCare Please can you help me to deactivate this finally so that this won't re-occure again. I don't want all these unreasonable deductions again!!,@190742 The complaint has been escalated and deactivated. Thank you for your patience. AP,312952,2.0,
46773,@GloCare As a matter of fact I didn't download any song So please deactivate any caller tunes and VAS or song as a matter of urgency .thanks,unauthorized_charge_or_vas,0.4689608216285705,@GloCare what of caller tunes I didn't suscribe for any thing on this line only data!pls deactivate everything TT pls! Thanks again,@126397 The Caller Tune service has been deactivated.  Stay Unlimited!  TT,46771,2.0,
2414019,@GloCare Please can i know the meaning of DND list,account_or_general_support,0.0228131841868162,@GloCare please what's the meaning of DND list.,"@199051 Morning Zeus, DND means - Do Not Disturb.  TT",348900,2.0,
2685770,@GloCare hi would like to deactivate my glo camp-boost plan,data_plan_issue,0.4255439639091491,"@GloCare please would like to deactivate my campus boost plan, what's the code?",@433350 Good afternoon Kelvin. Kindly send a mail to __email__ stating you want to forfeit your data plan. FA,1370596,2.0,
1157088,@GloCare pls i want to remove a no. From glo gifting how do i do that,data_plan_issue,0.7669403553009033,@GloCare Thank you. And how can i easily remove the numbers.?,@130987 Kindly dial *127*02*Number# to remove lines sharing data with you.  TT,918863,2.0,
33122,"@GloCare please where can I locate glo office near University of Ibadan environs.
Need to retrieve my lost sim card ASAP. Thanks",sim_or_device_issue,0.5776581764221191,"@GloCare @117627 the glo line on 12th November 2015 @ glo office in Adeniran Ogunsanya surulere, I lost the Sim card and also the pack","@171018 @117627 Please visit the Gloworld shop with frequently dialed number list, valid ID and a sworn affidavit for SIM replacement assistance.  TT",428017,2.0,
1123739,"@GloCare I rchrgd N500 wt *323*PIN# bt none of my accts ws credited, made 2 kols to 121 yet not credited abt 7hrs now. 08050597950.",recharge_or_airtime_issue,0.7048190832138062,@GloCare my line has not been credited&amp; my acct has bn debited 4an e-top up. 09055101935,"@369212 Good afternoon, please confirm the amount recharged, date and platform used. Thank you. SO",1054697,2.0,
2121921,What are the requirements for retrieving a lost sim @GloCare,sim_or_device_issue,0.4004875421524048,"@GloCare pls i want to retrieve my damaged glo sim. How do i go about it.

Thanks","@596711 Kindly visit any Gloworld/Glo zone outlet with a valid means of identification,at least N100 &amp; sim pack,with 5 frequently dialed numbers. AP",2032272,2.0,
20402,@GloCare *123*pin#,recharge_or_airtime_issue,0.4233415424823761,@GloCare *123*,"@443222 You recharged 100, 200 and 500 naira cards at  4:39pm, 4:41pm and 4:42 pm respectively.They were loaded,kindly check your balance again. AP",2231276,2.0,
347136,"@GloCare i went to ur office to change my sim to Nano sim, after presenting my sim n idcard, d lady there said I mst bring an affidavit",sim_or_device_issue,0.5692307949066162,"@GloCare A sworn Affidavit. That's all i require to change the name and retrieve my sim, right?",@356819 ...and a valid ID card. CA,1000280,2.0,
2717684,"@GloCare I don't have the Sim pack but, I have a valid ID",sim_or_device_issue,0.4048788845539093,@GloCare I can't find my Sim pack,"@151446 For SIM replacement , please visit the nearest Gloworld with N100, sim certificate and valid identity card. Please note that you need the sim pack to replace the line. If you do not have it. Please get a sworn affidavit.  UO",1114459,2.0,
1123768,"@GloCare Please, I want to complain about the poor service in my area. If I put on 3G service it shows emergency calls only.  PLEASE HELP!",network_issue,0.5102402567863464,@117627 @GloCare unable to connect to 3g network when I switched to 3g it show emergency calls only...   Pls help ASAP,"@242700 @117627 Sincere apologies, may we have the affected number, device type, error message and location for checks? GA",529818,2.0,
94526,@GloCare Glo charges me 0.24 per secs same network cos I called glo line for 5 secs and was charged 1.2 /5secs =0.24 x60 =N14. 4 per min.,voice_or_line_issue,0.6128767728805542,"@GloCare I made 38 secs called and was charged about N7 to another network 
made then 2mins 15secs and was charged N28","@136527 Morning Aminu, billing rate on your line is okay with respect to Gbam Plus package.  TT",94528,2.0,
2330459,@GloCare Kindly help deactivate auto renewal on my line. I have tried to do so via text messages it wasn't going. My phone no: 08056341036,data_plan_issue,0.2966662347316742,@GloCare kindly help me to cancel auto renewal on my phone number 08056341036 ASAP,"@419756 Hello Olasunkanmi, please text cancel to 127 to deactivate hsi data plan auto renewal on the line. Thank you. SO",1281110,2.0,
1199689,"@GloCare Your call cannot be completed at the moment, please try again later",voice_or_line_issue,0.3799212574958801,"@117627 @GloCare Cant call, cant recieve","@700201 @117627 Please send in exact location,and affected number, for escalation. CA",2441574,2.0,
2092984,@GloCare pls my line got blocked while trying to input my code,sim_or_device_issue,0.5037223100662231,I'm having issues with my line @GloCare,@442531 We apologize for any inconvenience you may have experienced. Please describe the exact difficulty. Thank you. UO.,1386016,1.0,
1266230,"@GloCare I don't want messages about recharge to get bonus etc, it comes in every morning and it's really disturbing",unauthorized_charge_or_vas,0.5845032930374146,Dear @GloCare please stop sending me 3/4 different messages to prompt a single recharge....it doesn't show efficient customer service.,@706393 Sincere apologies. Kindly send STOP to 2442 to stop unsolicited sms and calls advertising any VAS service alerts. GA,2469264,2.0,
1016172,@GloCare I'm having issues recharging my glo line. I need help pls,recharge_or_airtime_issue,0.1753203719854354,@GloCare I can't recharge my glo line. Kindly respond to my messages,"@367860, to recharge, pls dial 123 and follow the voice instructions to recharge. Thank you",1048767,2.0,
304494,@GloCare I currently do not have sufficient credit to make the call,voice_or_line_issue,0.2928913831710815,@GloCare for god sakes I've not been able to make any call for 2 days! Keeps saying I have insufficient credit. What the hell ?!,"@654883 We apologize.Kindly provide your number, device type, exact location and error response for a quick check . Thank you. AP",2247216,2.0,
2330443,"Hello @gloCare 
I don't receive SMS on my line. Please kindly correct",voice_or_line_issue,0.3319338262081146,@GloCare I have not been able to receive phone calls and send sms on my line for a while now,"@571833 Hello Dimeji, we empathize. Please restart the device or try sim in another device. Revert via DM with the number if issue persists. SO",1920846,2.0,
1518982,@GloCare please kindly deactivate the Auto borrow me on dis line 07057946656 up,recharge_or_airtime_issue,0.1668346673250198,@GloCare please I need to deactivate auto borrow.... why am I unable to do so? 08153882782,"@207618 Hello-vaiz, To cancel auto borrow, please dial *321*9*12#. Thank you. UO.",387013,2.0,
424203,@GloCare @215975 Please unsubscribe entertainment factory on my line 0905 585 8471.,unauthorized_charge_or_vas,0.1563487946987152,@GloCare kindly unsubscribe 08050456720 from Entertainment Factory (55357),"@308421 Good afternoon, please text STOP to 55357 to deactivate the service. Thank you. SO",790131,2.0,
1632844,@GloCare .THIS is sad cause am thinking of changing my line. not fair . What's happening wit ur network .,network_issue,0.391323983669281,@GloCare what's happening to ur network.,"@165612 Morning Danny, may we know the exact issue being experienced at your location to offer you assistance? TT",1992665,2.0,
65411,@GloCare u guys wee just be deducting 1s money and if u now call u wee start hearing..u subscribed for certain plans... Issa lie o,unauthorized_charge_or_vas,0.6212266683578491,@GloCare as usual you will still deduct my money after som time.u will always unsubscribe&amp;do other wise later.I will break off this sim soon,@126397 Peter please send  STOP to 55060 to deactivate the VAS. You may send STOP to 2442 for full VAS DND.  Thank you.  TT,606551,2.0,
2715647,"@GloCare 3days old sim wit N400, plus bonus and jumbo. Only about 10mins call. No SMS, no internet. Calculate it",sim_or_device_issue,0.5956156849861145,"@GloCare  my no is 08118101301
I had a bonus of #2500 on my Jumbo Sim, and #500 as my main balance, made a 20 mins call on my to a glo line","@139859 Kindly note that you can not call other networks and numbers in your friends and family package with the bonus,bonus is meant for glo to glo calls only. AP",111183,1.0,
1855757,"@GloCare seems you guys now run shift with a data service I paid for. At night no network, in the morning it shows face.",data_issue,0.7874802350997925,"@GloCare What is your problem? How can I subscribe to your network and not have access to your data service? Just so you know, its been like this all day.",@374580 Good evening. We offer our apologies about this.May we have your number and the location of this occurrence? ^GM,2902282,2.0,
2218246,"@GloCare please guys, data browsing just stopped at egbeda/idimu/ikotun area . Alimosho Lagos. Full network bars but no browsing",data_issue,0.4416460692882538,"@GloCare hello guys , please browsing is not working here at egbeda/idimu/ikotun axis of Lagos. Please do somthing about it .","@343861 Hello Julius, we apologize. We are aware of the issue and the network engineers are working to resolve it. Kindly be patient. TT",2330575,2.0,
2443697,"@GloCare @700705 @117627 Bukuru, Jos. Loss of signal for &gt;6 hours. Tafawa Balewa, Jos. Loss of Internet service. This happens on a daily actually.",network_issue,0.6363216638565063,"@GloCare @139868 Omu aran, kwara state. It is not only me. No glo network signal since ystrday morning.",@144578 @139868 Okay. Kindly provide the details for general resolution. Thank you. DA,127261,2.0,
496739,@GloCare ur data service at Lagos island is terrible. I can't browse since morning,data_issue,0.466425359249115,"@GloCare your network is so bad around my area, I could not call, I could not use my data. Meiran, in Lagos. For the past 3weeks now.",@653897 We sincerely apologize for the inconvenience. The issue with your location is being worked on. We implore you to please bear with us. GA,2242970,1.0,
1389446,@GloCare help me check my line 08058011999 i ave megabyte but i pay for internet from the main acct,data_issue,0.6130773425102234,@GloCare Pls kindly do something on this line the network is so poor and bad can't even use the internet. 09059293195,"@255855 Apologies, may we know your location? DA",2651017,1.0,
2358270,"Good evening guys, so i have been unable to browse properly with my Glo sim since Saturday @GloCare",data_issue,0.2737241983413696,@GloCare i have been unable to browse with my glo sim for about 2days now. I need assistance ASAP,"@660656 May we have the affected location (with nearest landmark),and number,for resolution. Thank you. CA",2270507,2.0,
134239,"@airtel_care @GloCare Pls what is the cheapest data u have because all like other networks like glo, have 1000 for 3.5gb",data_plan_issue,0.5805238485336304,@201381 @117627 @GloCare 3.2g for 1k and u can't even view pictures.... Airtel free data mode,@215653 We apologize for any inconvenience you may have experienced. Please describe the exact difficulty. Thank you. UO.,422641,1.0,
445883,"@GloCare pls no Glo network in OKEMESI ekiti,in ekiti west for d past 9days pls,we want to make call and browse ,find sometin do pls",network_issue,0.2526829242706299,"@GloCare the Glo network in OKEMESI ekiti,in ekiti west is down for almost 3days now,we ar outside d town to make calls, pls..find solution.",@144577 The issue reported has been escalated for resolution. Kindly be patient.  TT,918842,2.0,
1931834,@GloCare glo 09054590520. The last time I sub.  The message I received is that my data expires 2018. Why are yiu deducting my money na.,data_plan_issue,0.6956409215927124,@GloCare Hello! Please glo has been deducting my money for reasons unknown to me. Please I want to why this is happening to 08156997716.,"@329777 Hello Amedox, we apologize. Issue has been escalated to the unit in charge for assistance. We'll revert back to you shortly. SO",1056453,0.0,
163952,"@GloCare 09056699203, the closest landmark is Royal glory hotel, kasmo area, Osogbo, Osun State, huwei honor 6, pls boost your browsing network,",network_issue,0.8403561115264893,@GloCare @117627 Pls my exact location with a landmark has to be on dm pls,@161790 @117627 Okay. Kindly DM the details for further assistance. GA,2031930,1.0,
670042,"@GloCare hey,i need help with my subscription...keeps redirecting me to dial *777# to knw more about data plans",data_plan_issue,0.3440926671028137,"@GloCare hello guys, I can't subscribe for data plans on my line. Kindly assist. 08154131832. Monthly plan","@182033 Morning Fakuade, dial *777# or visit https://t.co/JI1oIB9W08 to subscribe for data plan. We apologize for the inconvenience.  TT",276381,2.0,
28337,"@GloCare No browsing network for us here, and our data subscription is always like a waste.. 
U can carry out a survey on this.. Form itoki to ifo",data_issue,0.7757803797721863,"@GloCare OK, thank you. I really need my data network to work, that's the most important now.","@186799 Good morning, may we know the exact issue with your data connection for assistance. SO",297204,2.0,
1881394,"@GloCare your network is a disgrace, embarrassing that I subscribe and can't even use my data",data_issue,0.3774512410163879,"@GloCare What is your problem? How can I subscribe to your network and not have access to your data service? Just so you know, its been like this all day.",@374580 Good evening. We offer our apologies about this.May we have your number and the location of this occurrence? ^GM,2902282,2.0,
2167982,The worst network you could ever subscribe to its data is @117627 @GloCare @117626. You have data but you can't browse.,data_issue,0.5097970366477966,"@GloCare your network is a disgrace, embarrassing that I subscribe and can't even use my data","@561463 We apologize for any inconvenience. Kindly provide your phone number, exact location, device type and error response so we can progress UO.",1881394,2.0,
2695567,"@GloCare pls am currently on #1000 3gb, i heard is now  4gb, hope on my next renewal is 4gb that i’ll see not 3gb as initial.",data_plan_issue,0.5590146780014038,@GloCare I renew my plan but I still got 3.2 Gb instead of 4Gb. Please can you explain why,"@188713 Hello, kindly provide your number for checks. DA",2092922,2.0,
360520,@117627 @GloCare if u re having network issues inform ur customers. I thought I ve exhausted my bundle not knowing it's ur incompetence.,network_issue,0.5394200682640076,@117627 @700707 @GloCare It is annoying that you always apologize for bad network. Please fix up the network. I won’t threaten to burn my Sim or change network providers. Please make improvements on the network.,@700705 @117627 May we know the issue you are encountering? CA,2443698,2.0,
381896,@GloCare  what is the code to stop getting your entertainment subscriptions finally?I send stop to 55357 only to be subscribed back to it.,unauthorized_charge_or_vas,0.5168972015380859,@GloCare I keep sending stop to 55357 but it subscribes again. I sent stop to 2442 and I am still waiting for it to be activated.,"@206559 Hello Akinyeye, we apologize for the inconvenience, our engineers are working on the issue. Thank you. UO.",381893,2.0,
209770,"@GloCare I'm talking of combo for international calling for 1000k subscription check d bal for me *777#,#122*1# isn't showing it nr is 07059646781",data_plan_issue,0.4111735224723816,"@GloCare Please check my combo bundle balance for Int'l calls for 1000k subscription bcoz anytime I check through *777#,#122*1# no ans nr 07059646781","@165622 Afternoon Roberts, please dial  #122*1#  to check the IDD pack balance.  TT",209665,2.0,
49737,@GloCare It's high time you pple should introduce social bundles/plan...,data_plan_issue,0.8836837410926819,"@GloCare A plan is active now, I'm using Twitter?",@184166 Kindly send CANCEL to 127 to stop auto renewal now. Change the MCN and then send STOP to 2442 for full VAS DND.  TT,286119,0.0,
2486781,@GloCare why am I being asked for a court affidavit to retrieve my registered line?,account_or_general_support,0.6115283370018005,@117625 @117627 @GloCare Why should I waste my time going to a court when they're supposed to easily see my registered data on their system? Please I need answers because this looks irrational to me.,"@810734 @117627 Hello Chijoke, we apologize for the inconvenience. The requested SIM pack is mandated by regulatory body for SIM replacement. If unavailable the affidavit is accepted. TT",2930956,2.0,
598439,@GloCare My number is 08118875122,account_or_general_support,0.0186592191457748,@GloCare My number is 08114820744,@233523 Charged for calls. SO,496741,0.0,
918858,"@GloCare When i try making calls the operator replies ""I can't call this number "" I can't call any number at all",voice_or_line_issue,0.2100227326154709,"@GloCare I said I can't make calls with it. The operator replies "" I can't call this number.""",@132391 Kindly send in your number for a check. Thank you. CA,2733303,2.0,
1371044,@GloCare dailed it and still d same thing here is my number 08074640384,voice_or_line_issue,0.3427968323230743,@GloCare dis is my number..08156880658,@483364 Kindly dial #122*23# unlocked bonus airtime. EE,1565789,0.0,
2054146,"@GloCare The network is so irritating, I think it’s high time to swap the network",sim_or_device_issue,0.4309239983558655,"@GloCare your network is terrible, fix up.","@404148 Helo Murna, may we know the exact issue being experienced at your location to offer you assistance? TT",1210514,1.0,
2500307,"@GloCare @7467 @25740 olorunsogo local govt,igbeti Oyo state,data and voice downtime android device",sim_or_device_issue,0.6084216833114624,"@GloCare 09056168216 Ojo, isashi, Lagos. Android device.",@638604 Work is ongoing in order to resolve the issue. We crave your patience while this is done. Thank you. CA,2218232,2.0,
1825267,@GloCare My credit balance is 100 naira doesn’t show me anything concerning bumpa bonus,bonus_or_promotion_issue,0.516295850276947,@GloCare Got the same message... Can't even check my bumpa bonus,@482266 For bumpa bonus Kindly dial #122*2#. EE,1562202,2.0,
2330536,"@GloCare I thought glo infinito, which I'm currently on, also enjoys the 200% bonus? When did that stop?",bonus_or_promotion_issue,0.6366952657699585,@GloCare To opt in for the 200% Bonus,@141397 Kindly migrate into Glo Bumpa package to enjoy 200% bonus on recharge. Dial *100*10*1# to migrate.  TT,2330541,2.0,
2463673,"@GloCare pls de glo mast in agingi rukuba Rd of bassa LGA of plateau state went off  since a week now and de pple of that community have been in suffering. There is no mtn, 9mobile and airtel services there. Due to the recent killings in de region, it is very dangerous to stay",network_issue,0.779396116733551,@117627 @GloCare GLO THE SUFFERING IS UNBEARABLE. GLO COMMUNICATION MAST MOUNTED BETWEEN  IRO N MOKOLOKI TOWN IS FAULTY. PLS WE NEED GLO ENGINEERS OVER THERE B4  THINGS GET OUT OF HANDS.IT IS THREE GOOD DAYS WiTHOUT NETWORKS OR  SERVices,"@571985 @117627 Sincere apologies, kindly provide your phone number, exact location with landmarks and issue duration for assistance . Thank you. AA",1921384,2.0,
539077,"@GloCare @117627 A week now, your network in Iseyin, Oyo State has been ATROCIOUS to put it MILDLY! Disappearing network!!! I guess you just employed Houdini but we subscribers didn't get the memo. Do remember to copy us when it returns! #MediocreGloNetwork @117626",network_issue,0.7567884922027588,@GloCare  if you happen to see this tweet please fix my network I am in awe in Oyo town in Oyo State abeg,@142668 Good morning Okhiai 1. We apologize for any inconveniences you may have experienced. May we know the exact network issue you are experiencing for a quick resolution? FA,567433,2.0,
2965614,"@GloCare I still can't use the internet o. This is frustrating! 
😠😤",data_issue,0.3385980725288391,@GloCare is that why i cannot use the Internet properly?,"@229324 We apologize. May we have your number, device details and location? SO",480999,2.0,
2005903,"@GloCare 08053575663, connection failure, oke-ode, abule-egba, pipeline junction, igoke estate, tecno Y2, can't browse @18561 except  @2688(mile 2)",data_issue,0.7264031171798706,"@GloCare Oke-odo, pipeline junction, igoke estate",@191917 The issue reported has been escalated for resolution. Kindly be patient.  TT,1952885,1.0,
1462270,@GloCare pls u r deducting 50# from my credit on 08112952225 weekly...pls stop wateva dat is making u deduct it pls immediately...,unauthorized_charge_or_vas,0.3783694803714752,@GloCare please  stop  deducting for my credit my number 09058974494,"@147736 Victory, you were charged for the value added services on your line - Caller tune and Yellowdot. You may text DEREG to 7728 and STOP to 55223 to unsubscribe. FA",1114483,2.0,
1079213,"@GloCare Again where is my N20?? Recharged 3k, you auto renewed a plan I didn't want and my balance mysteriously went down from N2001 to N1981",unauthorized_charge_or_vas,0.5056920051574707,@GloCare Ermm no. I sent this yesterday before I recharged. I only cancelled again today so this nonsense doesn't repeat itself... Where is my N20??? https://t.co/fRGZ4RiH1C,@374571 There was no active plan on the line when you sent the request o cancel auto renewal.  TT,1079210,2.0,
575889,@GloCare Between yesterday and today.... I recharge 500 around after 2,recharge_or_airtime_issue,0.4339469671249389,@GloCare Again I recharged #500 yesta,@504337 Line check show you where given 2500 yesterday. UO,1651473,1.0,
2693389,@GloCare I don't appreciate being ignored and I'm losing my patience. what kind of stupid customer service is this?,non_actionable_or_context_required,0.4642172455787658,@GloCare Keep ignoring your customers,@165653 We apologize for any inconvenience you may have experienced. Thank you. UO.,317838,2.0,
209853,@GloCare I am sincerely disappointed in glo customer service. Would I have lied on that? Even your colleague earlier confirmed it. Check chat history,non_actionable_or_context_required,0.6346300840377808,@GloCare I called glo customer care and they deduct my money omg this is a disgrace,@207469 We apologize for any inconvenience you may have experienced. Kindly provide your number. Thank you. UO.,386352,1.0,
160989,@GloCare  I haven't gotten any response please,non_actionable_or_context_required,0.2473275065422058,@GloCare No reply since,"@787680 we apologize, please provide your number so we verify",2828163,2.0,
9099,@GloCare @117628 @117625 @117626 @117627 @48760 @53205 @7476 This is over 10 times u people have been asking 4my number with conflicting responses frm SO &amp; d likes. 08054117690. U must refund my money.,unauthorized_charge_or_vas,0.4698861241340637,@GloCare 07057571356 I want my money back.,@756549 We apologize for any inconvenience you may have experienced. The complaint has been escalated and deactivated Kindly dial *2220*22# to cancel facebook via sms and send STOP to 2442. Thank you for your patience. UO,2691190,2.0,
